driverId,Championships,Race_Entries,Race_Starts,Pole_Positions,Race_Wins,Podiums,Fastest_Laps,Points,Active,Decade,Pole_Rate,Start_Rate,Win_Rate,Podium_Rate,FastLap_Rate,Points_Per_Entry,Years_Active,Champion
1,7,311,311,103,103,191,61,4415.5,True,2010,0.331189711,1.0,0.331189711,0.61414791,0.196141479,14.1977492,16,True
2,0,185,183,1,0,13,2,259.0,False,2010,0.005405405,0.989189189,0.0,0.07027027,0.010810811,1.4,12,False
3,1,206,206,30,23,57,20,1594.5,False,2010,0.145631068,1.0,0.111650485,0.276699029,0.097087379,7.740291262,11,True
4,2,359,356,22,32,99,23,2076.0,True,2010,0.061281337,0.991643454,0.08913649,0.275766017,0.064066852,5.782729805,19,True
5,0,112,111,1,1,4,2,105.0,False,2010,0.008928571,0.991071429,0.008928571,0.035714286,0.017857143,0.9375,7,False
6,0,36,36,0,0,0,0,9.0,False,2010,0.0,1.0,0.0,0.0,0.0,0.25,3,False
7,0,27,27,0,0,0,0,6.0,False,2010,0.0,1.0,0.0,0.0,0.0,0.222222222,2,False
8,1,353,349,18,21,103,46,1873.0,False,2010,0.050991501,0.988668555,0.059490085,0.291784703,0.130311615,5.305949008,19,True
9,0,99,99,1,1,12,1,274.0,False,2010,0.01010101,1.0,0.01010101,0.121212121,0.01010101,2.767676768,7,False
10,0,95,91,0,0,3,1,51.0,False,2010,0.0,0.957894737,0.0,0.031578947,0.010526316,0.536842105,6,False
11,0,92,90,0,0,1,0,44.0,False,2000,0.0,0.97826087,0.0,0.010869565,0.0,0.47826087,7,False
12,0,28,28,0,0,1,0,19.0,False,2010,0.0,1.0,0.0,0.035714286,0.0,0.678571429,2,False
13,0,272,269,16,11,41,15,1167.0,False,2010,0.058823529,0.988970588,0.040441176,0.150735294,0.055147059,4.290441176,15,False
14,0,247,246,12,13,62,18,535.0,False,2000,0.048582996,0.995951417,0.052631579,0.251012146,0.072874494,2.165991903,15,False
15,0,256,252,4,1,11,1,246.5,False,2000,0.015625,0.984375,0.00390625,0.04296875,0.00390625,0.962890625,15,False
16,0,128,128,0,0,0,1,124.0,False,2010,0.0,1.0,0.0,0.0,0.0078125,0.96875,7,False
17,0,217,215,13,9,42,19,1047.5,False,2010,0.059907834,0.99078341,0.041474654,0.193548387,0.087557604,4.82718894,12,False
18,1,309,306,8,15,50,8,1235.0,False,2010,0.025889968,0.990291262,0.048543689,0.161812298,0.025889968,3.996763754,18,True
19,0,24,24,0,0,0,0,0.0,False,2010,0.0,1.0,0.0,0.0,0.0,0.0,4,False
20,4,300,299,57,53,122,38,3098.0,False,2010,0.19,0.996666667,0.176666667,0.406666667,0.126666667,10.32666667,16,True
21,0,231,229,4,3,19,2,275.0,False,2000,0.017316017,0.991341991,0.012987013,0.082251082,0.008658009,1.19047619,14,False
22,0,326,322,14,11,68,17,658.0,False,2000,0.042944785,0.987730061,0.033742331,0.208588957,0.052147239,2.018404908,19,False
23,0,181,180,6,6,27,8,329.0,False,2000,0.033149171,0.994475138,0.033149171,0.149171271,0.044198895,1.817679558,11,False
24,0,81,80,0,0,0,0,26.0,False,2010,0.0,0.987654321,0.0,0.0,0.0,0.320987654,6,False
25,0,69,69,0,0,3,1,45.0,False,2000,0.0,1.0,0.0,0.043478261,0.014492754,0.652173913,6,False
26,0,28,28,0,0,0,0,0.0,False,2010,0.0,1.0,0.0,0.0,0.0,0.0,2,False
27,0,46,46,0,0,0,0,4.0,False,2010,0.0,1.0,0.0,0.0,0.0,0.086956522,3,False
28,0,1,1,0,0,0,0,0.0,False,2010,0.0,1.0,0.0,0.0,0.0,0.0,1,False
29,0,21,21,0,0,0,0,0.0,False,2010,0.0,1.0,0.0,0.0,0.0,0.0,3,False
30,7,308,306,68,91,155,77,1566.0,False,2000,0.220779221,0.993506494,0.295454545,0.503246753,0.25,5.084415584,19,True
31,0,95,94,13,7,30,12,307.0,False,2000,0.136842105,0.989473684,0.073684211,0.315789474,0.126315789,3.231578947,6,False
32,0,51,49,0,0,0,0,14.0,False,2010,0.0,0.960784314,0.0,0.0,0.0,0.274509804,4,False
33,0,37,37,0,0,1,0,7.0,False,2010,0.0,1.0,0.0,0.027027027,0.0,0.189189189,2,False
34,0,4,4,0,0,0,0,0.0,False,2010,0.0,1.0,0.0,0.0,0.0,0.0,1,False
35,1,165,163,13,11,23,9,235.0,False,2000,0.078787879,0.987878788,0.066666667,0.139393939,0.054545455,1.424242424,11,True
36,0,7,7,0,0,0,0,0.0,False,2010,0.0,1.0,0.0,0.0,0.0,0.0,1,False
37,0,107,104,0,0,1,1,35.0,False,2010,0.0,0.971962617,0.0,0.009345794,0.009345794,0.327102804,9,False
38,0,11,11,0,0,0,0,0.0,False,2010,0.0,1.0,0.0,0.0,0.0,0.0,2,False
39,0,48,46,0,0,0,0,5.0,False,2010,0.0,0.958333333,0.0,0.0,0.0,0.104166667,3,False
40,0,11,11,0,0,0,0,3.0,False,2000,0.0,1.0,0.0,0.0,0.0,0.272727273,1,False
41,0,37,36,0,0,0,0,3.0,False,2000,0.0,0.972972973,0.0,0.0,0.0,0.081081081,5,False
42,0,20,20,0,0,0,0,8.0,False,2000,0.0,1.0,0.0,0.0,0.0,0.4,3,False
43,0,28,28,0,0,0,0,13.0,False,2000,0.0,1.0,0.0,0.0,0.0,0.464285714,2,False
44,0,158,157,0,1,5,0,76.0,False,2000,0.0,0.993670886,0.006329114,0.03164557,0.0,0.481012658,10,False
45,0,15,14,0,0,0,0,0.0,False,2000,0.0,0.933333333,0.0,0.0,0.0,0.0,1,False
46,0,18,18,0,0,0,0,0.0,False,2000,0.0,1.0,0.0,0.0,0.0,0.0,1,False
47,0,20,20,0,0,0,0,1.0,False,2000,0.0,1.0,0.0,0.0,0.0,0.05,2,False
48,0,36,36,0,0,0,0,5.0,False,2000,0.0,1.0,0.0,0.0,0.0,0.138888889,4,False
49,0,160,156,2,3,18,6,174.0,False,2000,0.0125,0.975,0.01875,0.1125,0.0375,1.0875,10,False
50,0,107,106,0,0,2,0,17.0,False,2000,0.0,0.990654206,0.0,0.018691589,0.0,0.158878505,8,False
51,0,16,16,0,0,0,0,1.0,False,2000,0.0,1.0,0.0,0.0,0.0,0.0625,1,False
52,0,15,14,0,0,0,0,1.0,False,2000,0.0,0.933333333,0.0,0.0,0.0,0.066666667,1,False
53,0,5,5,0,0,0,0,0.0,False,2000,0.0,1.0,0.0,0.0,0.0,0.0,1,False
54,0,15,14,0,0,0,0,0.0,False,2000,0.0,0.933333333,0.0,0.0,0.0,0.0,2,False
55,0,202,201,2,1,32,4,241.0,False,2000,0.00990099,0.995049505,0.004950495,0.158415842,0.01980198,1.193069307,13,False
56,0,148,145,0,4,26,1,191.0,False,2000,0.0,0.97972973,0.027027027,0.175675676,0.006756757,1.290540541,10,False
57,2,165,161,26,20,51,25,420.0,False,2000,0.157575758,0.975757576,0.121212121,0.309090909,0.151515152,2.545454545,11,True
58,0,26,24,0,0,0,0,0.0,False,2000,0.0,0.923076923,0.0,0.0,0.0,0.0,3,False
59,0,29,28,0,0,0,0,0.0,False,2000,0.0,0.965517241,0.0,0.0,0.0,0.0,2,False
60,0,21,21,0,0,0,0,0.0,False,2000,0.0,1.0,0.0,0.0,0.0,0.0,2,False
61,0,3,3,0,0,0,0,0.0,False,2000,0.0,1.0,0.0,0.0,0.0,0.0,1,False
62,0,18,14,0,0,0,0,0.0,False,2000,0.0,0.777777778,0.0,0.0,0.0,0.0,2,False
63,0,111,109,0,0,2,0,33.0,False,2000,0.0,0.981981982,0.0,0.018018018,0.0,0.297297297,8,False
64,0,99,98,0,0,0,0,10.0,False,2000,0.0,0.98989899,0.0,0.0,0.0,0.101010101,6,False
65,0,165,160,0,3,7,0,98.0,False,1990,0.0,0.96969697,0.018181818,0.042424242,0.0,0.593939394,12,False
66,0,17,16,0,0,0,0,0.0,False,2000,0.0,0.941176471,0.0,0.0,0.0,0.0,1,False
67,0,55,55,0,0,0,0,29.0,False,2010,0.0,1.0,0.0,0.0,0.0,0.527272727,3,False
68,0,32,32,0,0,0,0,0.0,False,2000,0.0,1.0,0.0,0.0,0.0,0.0,2,False
69,0,58,50,0,0,0,0,0.0,False,2000,0.0,0.862068966,0.0,0.0,0.0,0.0,5,False
70,0,44,41,0,0,0,0,1.0,False,1990,0.0,0.931818182,0.0,0.0,0.0,0.022727273,5,False
71,1,122,115,20,22,42,19,360.0,False,2000,0.163934426,0.942622951,0.180327869,0.344262295,0.155737705,2.950819672,8,True
72,0,1,1,0,0,0,0,0.0,False,2000,0.0,1.0,0.0,0.0,0.0,0.0,1,False
73,0,33,26,0,0,0,0,0.0,False,2000,0.0,0.787878788,0.0,0.0,0.0,0.0,3,False
74,0,16,16,0,0,0,0,0.0,False,2000,0.0,1.0,0.0,0.0,0.0,0.0,1,False
75,0,33,33,0,0,0,0,2.0,False,2000,0.0,1.0,0.0,0.0,0.0,0.060606061,2,False
76,0,25,24,0,0,0,0,1.0,False,2000,0.0,0.96,0.0,0.0,0.0,0.04,3,False
77,0,210,210,12,10,48,21,385.0,False,1990,0.057142857,1.0,0.047619048,0.228571429,0.1,1.833333333,14,False
78,0,75,49,0,0,1,0,7.0,False,1990,0.0,0.653333333,0.0,0.013333333,0.0,0.093333333,8,False
79,0,97,95,0,0,0,0,5.0,False,1990,0.0,0.979381443,0.0,0.0,0.0,0.051546392,6,False
80,0,1,0,0,0,0,0,0.0,False,2000,0.0,0.0,0.0,0.0,0.0,0.0,1,False
81,0,70,67,0,0,1,0,8.5,False,1990,0.0,0.957142857,0.0,0.014285714,0.0,0.121428571,6,False
82,0,4,4,0,0,0,0,0.0,False,2000,0.0,1.0,0.0,0.0,0.0,0.0,1,False
83,0,32,32,0,0,0,0,1.0,False,1990,0.0,1.0,0.0,0.0,0.0,0.03125,4,False
84,0,165,158,0,0,9,0,98.0,False,1990,0.0,0.957575758,0.0,0.054545455,0.0,0.593939394,12,False
85,0,29,19,0,0,0,0,0.0,False,2000,0.0,0.655172414,0.0,0.0,0.0,0.0,3,False
86,0,10,7,0,0,0,0,0.0,False,2000,0.0,0.7,0.0,0.0,0.0,0.0,2,False
87,0,63,61,0,0,3,0,32.0,False,1990,0.0,0.968253968,0.0,0.047619048,0.0,0.507936508,4,False
88,0,88,65,0,0,1,0,8.0,False,1990,0.0,0.738636364,0.0,0.011363636,0.0,0.090909091,8,False
89,0,18,18,0,0,0,0,0.0,False,1990,0.0,1.0,0.0,0.0,0.0,0.0,2,False
90,0,77,41,0,0,1,1,15.0,False,1990,0.0,0.532467532,0.0,0.012987013,0.012987013,0.194805195,7,False
91,0,42,41,0,0,0,0,14.0,False,1990,0.0,0.976190476,0.0,0.0,0.0,0.333333333,5,False
92,0,84,47,0,0,0,1,5.0,False,1990,0.0,0.55952381,0.0,0.0,0.011904762,0.05952381,6,False
93,0,7,6,0,0,0,0,0.0,False,1990,0.0,0.857142857,0.0,0.0,0.0,0.0,2,False
94,0,124,118,0,0,0,0,18.0,False,1990,0.0,0.951612903,0.0,0.0,0.0,0.14516129,10,False
95,1,191,187,32,31,59,30,480.0,False,1990,0.167539267,0.979057592,0.162303665,0.308900524,0.157068063,2.513089005,15,True
96,0,11,11,0,0,0,0,3.0,False,2000,0.0,1.0,0.0,0.0,0.0,0.272727273,1,False
97,0,7,7,0,0,0,0,0.0,False,2000,0.0,1.0,0.0,0.0,0.0,0.0,1,False
98,0,3,3,0,0,0,0,0.0,False,1990,0.0,1.0,0.0,0.0,0.0,0.0,2,False
99,0,79,38,0,0,0,0,1.0,False,1990,0.0,0.481012658,0.0,0.0,0.0,0.012658228,7,False
100,0,63,59,0,0,0,0,7.0,False,1990,0.0,0.936507937,0.0,0.0,0.0,0.111111111,4,False
101,0,30,24,0,0,0,0,0.0,False,1990,0.0,0.8,0.0,0.0,0.0,0.0,2,False
102,3,162,161,65,41,80,19,610.0,False,1990,0.401234568,0.99382716,0.25308642,0.49382716,0.117283951,3.765432099,11,True
103,0,47,45,0,0,1,0,10.0,False,1990,0.0,0.957446809,0.0,0.021276596,0.0,0.212765957,4,False
104,0,43,40,0,0,0,0,12.0,False,1990,0.0,0.930232558,0.0,0.0,0.0,0.279069767,3,False
105,0,215,194,2,5,23,5,186.5,False,1990,0.009302326,0.902325581,0.023255814,0.106976744,0.023255814,0.86744186,14,False
106,0,10,9,0,0,0,0,0.0,False,1990,0.0,0.9,0.0,0.0,0.0,0.0,1,False
107,0,3,1,0,0,0,0,0.0,False,1990,0.0,0.333333333,0.0,0.0,0.0,0.0,1,False
108,0,27,7,0,0,0,0,0.0,False,1990,0.0,0.259259259,0.0,0.0,0.0,0.0,2,False
109,0,70,62,0,0,1,0,10.0,False,1990,0.0,0.885714286,0.0,0.014285714,0.0,0.142857143,6,False
110,0,214,208,1,0,5,1,59.0,False,1990,0.004672897,0.971962617,0.0,0.023364486,0.004672897,0.275700935,15,False
111,0,9,9,0,0,0,0,0.0,False,1990,0.0,1.0,0.0,0.0,0.0,0.0,2,False
112,0,116,109,0,0,0,0,7.0,False,1990,0.0,0.939655172,0.0,0.0,0.0,0.060344828,9,False
113,0,2,2,0,0,0,0,0.0,False,1990,0.0,1.0,0.0,0.0,0.0,0.0,1,False
114,0,49,24,0,0,0,0,0.0,False,1990,0.0,0.489795918,0.0,0.0,0.0,0.0,5,False
115,0,3,3,0,0,0,0,0.0,False,1990,0.0,1.0,0.0,0.0,0.0,0.0,1,False
116,0,2,2,0,0,0,0,0.0,False,1990,0.0,1.0,0.0,0.0,0.0,0.0,1,False
117,4,202,199,33,51,106,41,768.5,False,1990,0.163366337,0.985148515,0.252475248,0.524752475,0.202970297,3.804455446,13,True
118,0,162,147,0,0,4,2,71.0,False,1990,0.0,0.907407407,0.0,0.024691358,0.012345679,0.438271605,11,False
119,0,257,256,8,6,37,13,281.0,False,1980,0.031128405,0.996108949,0.023346304,0.143968872,0.050583658,1.093385214,17,False
120,0,20,8,0,0,0,0,2.0,False,1990,0.0,0.4,0.0,0.0,0.0,0.1,2,False
121,0,13,13,0,0,1,0,7.0,False,1990,0.0,1.0,0.0,0.076923077,0.0,0.538461538,1,False
122,0,98,93,0,0,3,0,31.0,False,1990,0.0,0.948979592,0.0,0.030612245,0.0,0.316326531,9,False
123,0,164,163,1,3,15,1,132.0,False,1990,0.006097561,0.993902439,0.018292683,0.091463415,0.006097561,0.804878049,11,False
124,0,1,1,0,0,0,0,0.0,False,1990,0.0,1.0,0.0,0.0,0.0,0.0,1,False
125,0,6,6,0,0,0,0,0.0,False,1990,0.0,1.0,0.0,0.0,0.0,0.0,2,False
126,0,2,2,0,0,0,0,0.0,False,1990,0.0,1.0,0.0,0.0,0.0,0.0,1,False
127,0,80,74,0,0,1,1,10.0,False,1990,0.0,0.925,0.0,0.0125,0.0125,0.125,5,False
128,0,29,5,0,0,0,0,0.0,False,1990,0.0,0.172413793,0.0,0.0,0.0,0.0,2,False
129,0,62,41,0,0,0,0,1.0,False,1990,0.0,0.661290323,0.0,0.0,0.0,0.016129032,4,False
130,0,10,3,0,0,0,0,0.0,False,1990,0.0,0.3,0.0,0.0,0.0,0.0,1,False
131,0,81,70,0,0,2,0,17.0,False,1990,0.0,0.864197531,0.0,0.024691358,0.0,0.209876543,6,False
132,0,3,0,0,0,0,0,0.0,False,1990,0.0,0.0,0.0,0.0,0.0,0.0,1,False
133,0,75,56,0,0,0,0,6.0,False,1990,0.0,0.746666667,0.0,0.0,0.0,0.08,6,False
134,0,6,0,0,0,0,0,0.0,False,1990,0.0,0.0,0.0,0.0,0.0,0.0,1,False
135,0,11,0,0,0,0,0,0.0,False,1990,0.0,0.0,0.0,0.0,0.0,0.0,1,False
136,0,41,23,0,0,0,0,0.0,False,1980,0.0,0.56097561,0.0,0.0,0.0,0.0,5,False
137,3,207,204,24,23,60,23,481.5,False,1980,0.115942029,0.985507246,0.111111111,0.289855072,0.111111111,2.326086957,14,True
138,0,80,74,0,0,0,1,16.0,False,1990,0.0,0.925,0.0,0.0,0.0125,0.2,5,False
139,0,40,37,0,0,0,0,3.0,False,1990,0.0,0.925,0.0,0.0,0.0,0.075,3,False
140,0,103,79,0,0,12,0,88.0,False,1990,0.0,0.766990291,0.0,0.116504854,0.0,0.854368932,10,False
141,0,20,7,0,0,0,0,1.0,False,1990,0.0,0.35,0.0,0.0,0.0,0.05,2,False
142,0,13,0,0,0,0,0,0.0,False,1990,0.0,0.0,0.0,0.0,0.0,0.0,1,False
143,0,4,0,0,0,0,0,0.0,False,1990,0.0,0.0,0.0,0.0,0.0,0.0,1,False
144,0,2,0,0,0,0,0,0.0,False,1990,0.0,0.0,0.0,0.0,0.0,0.0,1,False
145,0,78,76,0,1,9,2,65.0,False,1990,0.0,0.974358974,0.012820513,0.115384615,0.025641026,0.833333333,5,False
146,0,34,9,0,0,0,0,0.0,False,1990,0.0,0.264705882,0.0,0.0,0.0,0.0,3,False
147,0,15,9,0,0,0,0,0.0,False,1990,0.0,0.6,0.0,0.0,0.0,0.0,2,False
148,0,22,7,0,0,0,0,0.0,False,1990,0.0,0.318181818,0.0,0.0,0.0,0.0,2,False
149,0,14,0,0,0,0,0,0.0,False,1990,0.0,0.0,0.0,0.0,0.0,0.0,1,False
150,0,2,0,0,0,0,0,0.0,False,1990,0.0,0.0,0.0,0.0,0.0,0.0,1,False
151,0,15,13,0,0,0,0,0.0,False,1990,0.0,0.866666667,0.0,0.0,0.0,0.0,2,False
152,0,82,69,1,0,1,0,14.0,False,1980,0.012195122,0.841463415,0.0,0.012195122,0.0,0.170731707,8,False
153,0,46,46,0,0,0,0,31.0,False,2010,0.0,1.0,0.0,0.0,0.0,0.673913043,3,False
154,0,181,179,0,0,10,1,391.0,False,2020,0.0,0.988950276,0.0,0.055248619,0.005524862,2.160220994,10,False
155,0,76,75,0,0,1,1,125.0,False,2010,0.0,0.986842105,0.0,0.013157895,0.013157895,1.644736842,5,False
156,0,88,83,0,0,0,1,14.0,False,1990,0.0,0.943181818,0.0,0.0,0.011363636,0.159090909,7,False
157,0,47,36,0,0,0,0,4.0,False,1990,0.0,0.765957447,0.0,0.0,0.0,0.085106383,4,False
158,0,143,132,0,0,9,0,70.0,False,1980,0.0,0.923076923,0.0,0.062937063,0.0,0.48951049,11,False
159,0,32,26,0,0,0,0,1.0,False,1990,0.0,0.8125,0.0,0.0,0.0,0.03125,2,False
160,0,111,74,0,0,0,0,2.0,False,1990,0.0,0.666666667,0.0,0.0,0.0,0.018018018,8,False
161,0,10,0,0,0,0,0,0.0,False,1990,0.0,0.0,0.0,0.0,0.0,0.0,1,False
162,0,17,1,0,0,0,0,0.0,False,1990,0.0,0.058823529,0.0,0.0,0.0,0.0,2,False
163,0,164,149,18,7,22,12,181.0,False,1980,0.109756098,0.908536585,0.042682927,0.134146341,0.073170732,1.103658537,12,False
164,0,7,0,0,0,0,0,0.0,False,1990,0.0,0.0,0.0,0.0,0.0,0.0,1,False
165,0,21,8,0,0,0,0,0.0,False,1990,0.0,0.380952381,0.0,0.0,0.0,0.0,2,False
166,0,54,53,0,0,1,0,11.0,False,1990,0.0,0.981481481,0.0,0.018518519,0.0,0.203703704,5,False
167,0,21,17,0,0,0,0,0.0,False,1990,0.0,0.80952381,0.0,0.0,0.0,0.0,2,False
168,0,2,1,0,0,0,0,0.0,False,1990,0.0,0.5,0.0,0.0,0.0,0.0,2,False
169,0,14,11,0,0,0,0,0.0,False,1990,0.0,0.785714286,0.0,0.0,0.0,0.0,1,False
170,0,71,64,3,0,2,2,23.0,False,1980,0.042253521,0.901408451,0.0,0.028169014,0.028169014,0.323943662,5,False
171,0,3,2,0,0,0,0,0.0,False,1990,0.0,0.666666667,0.0,0.0,0.0,0.0,1,False
172,0,180,176,7,6,32,7,228.0,False,1980,0.038888889,0.977777778,0.033333333,0.177777778,0.038888889,1.266666667,13,False
173,0,109,108,3,2,9,0,122.0,False,1980,0.027522936,0.990825688,0.018348624,0.082568807,0.0,1.119266055,8,False
174,0,16,15,0,0,0,0,3.0,False,1990,0.0,0.9375,0.0,0.0,0.0,0.1875,1,False
175,0,123,114,5,2,11,2,103.0,False,1980,0.040650407,0.926829268,0.016260163,0.089430894,0.016260163,0.837398374,9,False
176,0,88,82,0,0,0,1,17.0,False,1980,0.0,0.931818182,0.0,0.0,0.011363636,0.193181818,8,False
177,1,128,114,5,5,17,3,159.5,False,1980,0.0390625,0.890625,0.0390625,0.1328125,0.0234375,1.24609375,9,True
178,1,117,116,6,12,24,13,199.0,False,1980,0.051282051,0.991452991,0.102564103,0.205128205,0.111111111,1.700854701,10,True
179,0,30,25,0,0,0,0,0.0,False,1980,0.0,0.833333333,0.0,0.0,0.0,0.0,3,False
180,0,9,9,0,0,0,0,0.0,False,1990,0.0,1.0,0.0,0.0,0.0,0.0,1,False
181,0,56,47,0,0,0,0,2.0,False,1980,0.0,0.839285714,0.0,0.0,0.0,0.035714286,5,False
182,3,177,171,24,25,54,24,420.5,False,1980,0.13559322,0.966101695,0.141242938,0.305084746,0.13559322,2.375706215,13,True
183,0,21,19,0,0,0,0,0.0,False,1980,0.0,0.904761905,0.0,0.0,0.0,0.0,2,False
184,0,41,36,0,0,0,0,5.0,False,1980,0.0,0.87804878,0.0,0.0,0.0,0.12195122,4,False
185,0,22,20,0,0,0,0,4.0,False,1980,0.0,0.909090909,0.0,0.0,0.0,0.181818182,2,False
186,0,10,3,0,0,0,0,0.0,False,1980,0.0,0.3,0.0,0.0,0.0,0.0,2,False
187,0,154,152,2,5,20,5,169.0,False,1980,0.012987013,0.987012987,0.032467532,0.12987013,0.032467532,1.097402597,12,False
188,0,23,18,0,0,0,0,1.0,False,1980,0.0,0.782608696,0.0,0.0,0.0,0.043478261,2,False
189,0,8,8,0,0,0,0,0.0,False,1980,0.0,1.0,0.0,0.0,0.0,0.0,1,False
190,0,18,12,0,0,0,0,0.0,False,1980,0.0,0.666666667,0.0,0.0,0.0,0.0,2,False
191,0,5,2,0,0,0,0,0.0,False,1980,0.0,0.4,0.0,0.0,0.0,0.0,2,False
192,0,33,18,0,0,0,0,1.0,False,1980,0.0,0.545454545,0.0,0.0,0.0,0.03030303,3,False
193,0,15,15,0,0,0,0,2.0,False,1980,0.0,1.0,0.0,0.0,0.0,0.133333333,1,False
194,0,37,24,0,0,0,0,3.0,False,1980,0.0,0.648648649,0.0,0.0,0.0,0.081081081,3,False
195,0,29,21,0,0,0,0,0.0,False,1980,0.0,0.724137931,0.0,0.0,0.0,0.0,2,False
196,0,30,23,0,0,0,0,0.0,False,1980,0.0,0.766666667,0.0,0.0,0.0,0.0,2,False
197,0,143,135,3,0,3,3,31.5,False,1980,0.020979021,0.944055944,0.0,0.020979021,0.020979021,0.22027972,12,False
198,0,3,0,0,0,0,0,0.0,False,1980,0.0,0.0,0.0,0.0,0.0,0.0,2,False
199,0,146,146,6,12,45,6,298.0,False,1980,0.04109589,1.0,0.082191781,0.308219178,0.04109589,2.04109589,11,False
200,0,114,105,0,1,8,2,71.0,False,1980,0.0,0.921052632,0.00877193,0.070175439,0.01754386,0.622807018,9,False
201,0,15,10,0,0,0,0,1.0,False,1980,0.0,0.666666667,0.0,0.0,0.0,0.066666667,2,False
202,0,72,70,4,3,13,5,101.0,False,1980,0.055555556,0.972222222,0.041666667,0.180555556,0.069444444,1.402777778,5,False
203,0,68,67,2,6,13,8,101.0,False,1980,0.029411765,0.985294118,0.088235294,0.191176471,0.117647059,1.485294118,6,False
204,0,8,2,0,0,0,0,0.0,False,1980,0.0,0.25,0.0,0.0,0.0,0.0,1,False
205,0,37,19,0,0,0,1,0.0,False,1980,0.0,0.513513514,0.0,0.0,0.027027027,0.0,4,False
206,0,64,49,0,0,0,0,15.0,False,1980,0.0,0.765625,0.0,0.0,0.0,0.234375,5,False
207,1,131,128,18,12,19,10,180.0,False,1980,0.13740458,0.977099237,0.091603053,0.145038168,0.076335878,1.374045802,14,True
208,0,15,2,0,0,0,0,0.0,False,1980,0.0,0.133333333,0.0,0.0,0.0,0.0,5,False
209,0,12,5,0,0,0,0,0.0,False,1980,0.0,0.416666667,0.0,0.0,0.0,0.0,4,False
210,0,5,2,0,0,0,0,0.0,False,1980,0.0,0.4,0.0,0.0,0.0,0.0,1,False
211,0,37,25,0,0,0,0,0.0,False,1980,0.0,0.675675676,0.0,0.0,0.0,0.0,4,False
212,0,58,41,0,0,0,0,13.0,False,1980,0.0,0.706896552,0.0,0.0,0.0,0.224137931,5,False
213,0,17,3,0,0,0,0,0.0,False,1980,0.0,0.176470588,0.0,0.0,0.0,0.0,2,False
214,0,2,0,0,0,0,0,0.0,False,1980,0.0,0.0,0.0,0.0,0.0,0.0,2,False
215,0,4,1,0,0,0,0,0.0,False,1980,0.0,0.25,0.0,0.0,0.0,0.0,1,False
216,0,13,9,0,0,0,0,0.0,False,1980,0.0,0.692307692,0.0,0.0,0.0,0.0,1,False
217,0,11,10,0,0,0,0,0.0,False,1980,0.0,0.909090909,0.0,0.0,0.0,0.0,3,False
218,0,1,0,0,0,0,0,0.0,False,1980,0.0,0.0,0.0,0.0,0.0,0.0,1,False
219,0,55,49,6,2,2,0,21.0,False,1980,0.109090909,0.890909091,0.036363636,0.036363636,0.0,0.381818182,7,False
220,0,2,0,0,0,0,0,0.0,False,1980,0.0,0.0,0.0,0.0,0.0,0.0,2,False
221,0,95,95,1,2,19,4,139.0,False,1980,0.010526316,1.0,0.021052632,0.2,0.042105263,1.463157895,8,False
222,1,113,112,3,10,33,5,246.0,False,1980,0.026548673,0.991150442,0.088495575,0.292035398,0.044247788,2.17699115,9,True
223,0,139,132,5,5,28,15,209.0,False,1980,0.035971223,0.949640288,0.035971223,0.201438849,0.107913669,1.503597122,11,False
224,2,149,144,6,14,35,6,281.0,False,1980,0.040268456,0.966442953,0.093959732,0.234899329,0.040268456,1.88590604,11,True
225,0,7,0,0,0,0,0,0.0,False,1980,0.0,0.0,0.0,0.0,0.0,0.0,1,False
226,0,1,0,0,0,0,0,0.0,False,1980,0.0,0.0,0.0,0.0,0.0,0.0,1,False
227,0,2,1,0,0,0,0,0.0,False,1980,0.0,0.5,0.0,0.0,0.0,0.0,1,False
228,0,1,0,0,0,0,0,0.0,False,1980,0.0,0.0,0.0,0.0,0.0,0.0,1,False
229,0,28,19,0,0,0,0,0.0,False,1980,0.0,0.678571429,0.0,0.0,0.0,0.0,5,False
230,0,79,74,1,1,1,1,15.5,False,1980,0.012658228,0.936708861,0.012658228,0.012658228,0.012658228,0.196202532,7,False
231,1,93,92,14,10,23,8,179.0,False,1980,0.150537634,0.989247312,0.107526882,0.247311828,0.086021505,1.924731183,7,True
232,0,85,57,0,0,0,0,11.0,False,1980,0.0,0.670588235,0.0,0.0,0.0,0.129411765,8,False
233,0,81,74,0,0,2,0,29.0,False,1980,0.0,0.913580247,0.0,0.024691358,0.0,0.358024691,6,False
234,0,3,0,0,0,0,0,0.0,False,1980,0.0,0.0,0.0,0.0,0.0,0.0,1,False
235,0,120,114,13,8,25,14,181.0,False,1970,0.108333333,0.95,0.066666667,0.208333333,0.116666667,1.508333333,13,False
236,0,5,2,0,0,0,0,0.0,False,1980,0.0,0.4,0.0,0.0,0.0,0.0,1,False
237,0,20,10,0,0,0,0,0.0,False,1980,0.0,0.5,0.0,0.0,0.0,0.0,3,False
238,0,123,123,14,10,26,9,206.0,False,1970,0.113821138,1.0,0.081300813,0.211382114,0.073170732,1.674796748,9,False
239,0,43,34,0,0,0,0,0.0,False,1980,0.0,0.790697674,0.0,0.0,0.0,0.0,4,False
240,0,6,4,0,0,0,0,0.0,False,1980,0.0,0.666666667,0.0,0.0,0.0,0.0,2,False
241,0,5,1,0,0,0,0,0.0,False,1980,0.0,0.2,0.0,0.0,0.0,0.0,2,False
242,0,3,0,0,0,0,0,0.0,False,1980,0.0,0.0,0.0,0.0,0.0,0.0,2,False
243,0,63,54,0,0,1,0,14.0,False,1970,0.0,0.857142857,0.0,0.015873016,0.0,0.222222222,8,False
244,0,3,0,0,0,0,0,0.0,False,1980,0.0,0.0,0.0,0.0,0.0,0.0,1,False
245,0,6,0,0,0,0,0,0.0,False,1980,0.0,0.0,0.0,0.0,0.0,0.0,4,False
246,0,15,13,0,0,0,0,0.0,False,1980,0.0,0.866666667,0.0,0.0,0.0,0.0,3,False
247,0,5,1,0,0,0,0,0.0,False,1980,0.0,0.2,0.0,0.0,0.0,0.0,2,False
248,0,1,0,0,0,0,0,0.0,False,1980,0.0,0.0,0.0,0.0,0.0,0.0,1,False
249,0,2,2,0,0,0,0,0.0,False,1980,0.0,1.0,0.0,0.0,0.0,0.0,1,False
250,0,73,72,1,1,6,5,58.0,False,1970,0.01369863,0.98630137,0.01369863,0.082191781,0.068493151,0.794520548,6,False
251,0,20,18,0,0,0,0,0.0,False,1980,0.0,0.9,0.0,0.0,0.0,0.0,4,False
252,0,42,42,1,0,2,0,19.0,False,1980,0.023809524,1.0,0.0,0.047619048,0.0,0.452380952,4,False
253,0,6,3,0,0,0,0,0.0,False,1980,0.0,0.5,0.0,0.0,0.0,0.0,2,False
254,0,7,7,0,0,0,0,1.0,False,1980,0.0,1.0,0.0,0.0,0.0,0.142857143,3,False
255,0,32,31,0,1,4,1,31.0,False,1980,0.0,0.96875,0.03125,0.125,0.03125,0.96875,2,False
256,0,15,11,0,0,0,0,0.0,False,1980,0.0,0.733333333,0.0,0.0,0.0,0.0,3,False
257,0,7,3,0,0,0,0,0.0,False,1980,0.0,0.428571429,0.0,0.0,0.0,0.0,2,False
258,0,14,10,0,0,0,0,0.0,False,1980,0.0,0.714285714,0.0,0.0,0.0,0.0,3,False
259,0,11,7,0,0,0,0,0.0,False,1970,0.0,0.636363636,0.0,0.0,0.0,0.0,3,False
260,0,5,1,0,0,0,0,0.0,False,1980,0.0,0.2,0.0,0.0,0.0,0.0,2,False
261,0,2,0,0,0,0,0,0.0,False,1980,0.0,0.0,0.0,0.0,0.0,0.0,2,False
262,0,52,50,0,0,2,1,13.0,False,1970,0.0,0.961538462,0.0,0.038461538,0.019230769,0.25,7,False
263,0,2,0,0,0,0,0,0.0,False,1980,0.0,0.0,0.0,0.0,0.0,0.0,1,False
264,0,1,0,0,0,0,0,0.0,False,1980,0.0,0.0,0.0,0.0,0.0,0.0,1,False
265,0,17,11,0,0,0,0,0.0,False,1980,0.0,0.647058824,0.0,0.0,0.0,0.0,3,False
266,0,2,0,0,0,0,0,0.0,False,1980,0.0,0.0,0.0,0.0,0.0,0.0,1,False
267,0,13,9,0,0,0,0,0.0,False,1970,0.0,0.692307692,0.0,0.0,0.0,0.0,4,False
268,0,1,1,0,0,0,0,0.0,False,1980,0.0,1.0,0.0,0.0,0.0,0.0,1,False
269,0,4,1,0,0,0,0,0.0,False,1980,0.0,0.25,0.0,0.0,0.0,0.0,2,False
270,0,11,4,0,0,0,0,0.0,False,1980,0.0,0.363636364,0.0,0.0,0.0,0.0,4,False
271,0,6,3,0,0,0,0,0.0,False,1980,0.0,0.5,0.0,0.0,0.0,0.0,2,False
272,0,1,1,0,0,0,0,0.0,False,1980,0.0,1.0,0.0,0.0,0.0,0.0,1,False
273,0,2,2,0,0,0,0,0.0,False,1980,0.0,1.0,0.0,0.0,0.0,0.0,2,False
274,0,2,2,0,0,0,0,0.0,False,1980,0.0,1.0,0.0,0.0,0.0,0.0,2,False
275,0,17,12,0,0,0,0,0.5,False,1980,0.0,0.705882353,0.0,0.0,0.0,0.029411765,3,False
276,0,12,10,0,0,0,0,0.0,False,1980,0.0,0.833333333,0.0,0.0,0.0,0.0,2,False
277,0,8,7,0,0,0,0,0.0,False,1980,0.0,0.875,0.0,0.0,0.0,0.0,2,False
278,0,108,96,5,0,11,3,83.0,False,1970,0.046296296,0.888888889,0.0,0.101851852,0.027777778,0.768518519,14,False
279,0,1,0,0,0,0,0,0.0,False,1980,0.0,0.0,0.0,0.0,0.0,0.0,1,False
280,0,64,57,0,0,1,1,12.0,False,1970,0.0,0.890625,0.0,0.015625,0.015625,0.1875,7,False
281,0,1,0,0,0,0,0,0.0,False,1980,0.0,0.0,0.0,0.0,0.0,0.0,1,False
282,0,2,1,0,0,0,0,0.0,False,1980,0.0,0.5,0.0,0.0,0.0,0.0,2,False
283,0,8,3,0,0,0,0,0.0,False,1980,0.0,0.375,0.0,0.0,0.0,0.0,3,False
284,0,4,3,0,0,0,0,0.0,False,1980,0.0,0.75,0.0,0.0,0.0,0.0,1,False
285,0,3,0,0,0,0,0,0.0,False,1980,0.0,0.0,0.0,0.0,0.0,0.0,1,False
286,0,1,1,0,0,0,0,0.0,False,1980,0.0,1.0,0.0,0.0,0.0,0.0,1,False
287,0,1,1,0,0,0,0,0.0,False,1980,0.0,1.0,0.0,0.0,0.0,0.0,1,False
288,0,16,14,0,0,1,0,8.0,False,1970,0.0,0.875,0.0,0.0625,0.0,0.5,3,False
289,2,179,176,13,14,36,10,270.0,False,1970,0.072625698,0.983240223,0.078212291,0.201117318,0.055865922,1.508379888,18,True
290,0,38,35,0,0,0,0,3.0,False,1970,0.0,0.921052632,0.0,0.0,0.0,0.078947368,3,False
291,0,1,1,0,0,0,0,0.0,False,1980,0.0,1.0,0.0,0.0,0.0,0.0,1,False
292,0,3,3,0,0,0,0,0.0,False,1970,0.0,1.0,0.0,0.0,0.0,0.0,3,False
293,0,14,11,0,0,0,0,0.0,False,1970,0.0,0.785714286,0.0,0.0,0.0,0.0,9,False
294,0,10,10,0,0,0,0,1.0,False,1980,0.0,1.0,0.0,0.0,0.0,0.1,1,False
295,0,6,3,0,0,0,0,0.0,False,1980,0.0,0.5,0.0,0.0,0.0,0.0,1,False
296,0,16,13,0,0,0,0,0.0,False,1970,0.0,0.8125,0.0,0.0,0.0,0.0,3,False
297,0,2,1,0,0,0,0,0.0,False,1980,0.0,0.5,0.0,0.0,0.0,0.0,1,False
298,0,10,8,0,0,0,0,2.0,False,1970,0.0,0.8,0.0,0.0,0.0,0.2,4,False
299,0,2,0,0,0,0,0,0.0,False,1980,0.0,0.0,0.0,0.0,0.0,0.0,1,False
300,0,2,1,0,0,0,0,0.0,False,1970,0.0,0.5,0.0,0.0,0.0,0.0,2,False
301,0,1,1,0,0,0,0,0.0,False,1980,0.0,1.0,0.0,0.0,0.0,0.0,1,False
302,0,2,2,0,0,0,0,0.0,False,1980,0.0,1.0,0.0,0.0,0.0,0.0,1,False
303,0,1,1,0,0,0,0,0.0,False,1980,0.0,1.0,0.0,0.0,0.0,0.0,1,False
304,1,112,112,1,8,33,9,248.0,False,1970,0.008928571,1.0,0.071428571,0.294642857,0.080357143,2.214285714,10,True
305,0,50,50,0,0,2,1,29.0,False,1970,0.0,1.0,0.0,0.04,0.02,0.58,7,False
306,0,88,86,0,1,8,4,77.0,False,1970,0.0,0.977272727,0.011363636,0.090909091,0.045454545,0.875,8,False
307,0,41,35,0,0,0,0,10.0,False,1970,0.0,0.853658537,0.0,0.0,0.0,0.243902439,4,False
308,0,4,3,0,0,0,0,0.0,False,1970,0.0,0.75,0.0,0.0,0.0,0.0,1,False
309,0,32,30,1,2,8,0,61.0,False,1970,0.03125,0.9375,0.0625,0.25,0.0,1.90625,5,False
310,0,2,1,0,0,0,0,0.0,False,1970,0.0,0.5,0.0,0.0,0.0,0.0,2,False
311,0,5,2,0,0,0,0,0.0,False,1970,0.0,0.4,0.0,0.0,0.0,0.0,2,False
312,0,15,12,0,0,1,0,8.0,False,1970,0.0,0.8,0.0,0.066666667,0.0,0.533333333,6,False
313,0,14,10,0,0,0,0,0.0,False,1970,0.0,0.714285714,0.0,0.0,0.0,0.0,2,False
314,0,36,34,0,0,1,0,7.0,False,1970,0.0,0.944444444,0.0,0.027777778,0.0,0.194444444,5,False
315,0,2,1,0,0,0,0,0.0,False,1970,0.0,0.5,0.0,0.0,0.0,0.0,1,False
316,0,6,1,0,0,0,0,0.0,False,1970,0.0,0.166666667,0.0,0.0,0.0,0.0,1,False
317,0,23,22,0,0,1,0,13.0,False,1970,0.0,0.956521739,0.0,0.043478261,0.0,0.565217391,5,False
318,0,1,1,0,0,0,0,0.0,False,1970,0.0,1.0,0.0,0.0,0.0,0.0,1,False
319,0,3,1,0,0,0,0,0.0,False,1970,0.0,0.333333333,0.0,0.0,0.0,0.0,1,False
320,0,31,30,0,1,1,0,11.0,False,1970,0.0,0.967741935,0.032258065,0.032258065,0.0,0.35483871,5,False
321,0,16,9,0,0,0,0,1.0,False,1970,0.0,0.5625,0.0,0.0,0.0,0.0625,6,False
322,0,7,7,0,0,0,0,0.0,False,1970,0.0,1.0,0.0,0.0,0.0,0.0,4,False
323,0,2,1,0,0,0,0,0.0,False,1970,0.0,0.5,0.0,0.0,0.0,0.0,2,False
324,0,3,2,0,0,0,0,0.0,False,1970,0.0,0.666666667,0.0,0.0,0.0,0.0,1,False
325,0,1,0,0,0,0,0,0.0,False,1970,0.0,0.0,0.0,0.0,0.0,0.0,1,False
326,0,2,2,0,0,0,0,0.0,False,1970,0.0,1.0,0.0,0.0,0.0,0.0,2,False
327,0,47,46,0,1,13,2,89.0,False,1970,0.0,0.978723404,0.021276596,0.276595745,0.042553191,1.893617021,4,False
328,3,100,99,17,27,43,15,359.0,False,1970,0.17,0.99,0.27,0.43,0.15,3.59,9,True
329,0,29,28,0,0,0,0,0.0,False,1970,0.0,0.965517241,0.0,0.0,0.0,0.0,3,False
330,0,20,17,0,0,0,0,0.0,False,1970,0.0,0.85,0.0,0.0,0.0,0.0,4,False
331,0,1,1,0,0,0,0,0.0,False,1970,0.0,1.0,0.0,0.0,0.0,0.0,1,False
332,0,13,12,0,0,1,0,5.0,False,1970,0.0,0.923076923,0.0,0.076923077,0.0,0.384615385,1,False
333,0,36,30,0,0,0,0,6.0,False,1970,0.0,0.833333333,0.0,0.0,0.0,0.166666667,5,False
334,0,4,3,0,0,0,0,0.0,False,1970,0.0,0.75,0.0,0.0,0.0,0.0,4,False
335,0,2,2,0,0,0,0,0.0,False,1970,0.0,1.0,0.0,0.0,0.0,0.0,1,False
336,0,1,1,0,0,0,0,0.0,False,1970,0.0,1.0,0.0,0.0,0.0,0.0,1,False
337,0,10,10,0,0,0,0,0.0,False,1970,0.0,1.0,0.0,0.0,0.0,0.0,2,False
338,0,11,11,0,0,0,0,0.0,False,1970,0.0,1.0,0.0,0.0,0.0,0.0,2,False
339,0,10,6,0,0,0,0,0.0,False,1970,0.0,0.6,0.0,0.0,0.0,0.0,3,False
340,0,10,9,0,0,1,0,6.0,False,1970,0.0,0.9,0.0,0.1,0.0,0.6,10,False
341,1,113,111,8,6,24,10,180.0,False,1970,0.07079646,0.982300885,0.053097345,0.212389381,0.088495575,1.592920354,13,True
342,0,6,5,0,0,0,0,0.0,False,1970,0.0,0.833333333,0.0,0.0,0.0,0.0,2,False
343,0,3,3,0,0,0,0,0.0,False,1970,0.0,1.0,0.0,0.0,0.0,0.0,3,False
344,0,2,2,0,0,0,0,0.0,False,1970,0.0,1.0,0.0,0.0,0.0,0.0,2,False
345,0,54,54,0,2,7,1,71.0,False,1970,0.0,1.0,0.037037037,0.12962963,0.018518519,1.314814815,9,False
346,0,100,96,2,2,6,4,68.0,False,1970,0.02,0.96,0.02,0.06,0.04,0.68,10,False
347,0,108,104,1,1,1,0,39.0,False,1960,0.009259259,0.962962963,0.009259259,0.009259259,0.0,0.361111111,16,False
348,0,1,1,0,0,0,0,0.0,False,1970,0.0,1.0,0.0,0.0,0.0,0.0,1,False
349,0,1,1,0,0,0,0,0.0,False,1970,0.0,1.0,0.0,0.0,0.0,0.0,1,False
350,0,13,13,0,0,0,0,8.0,False,1970,0.0,1.0,0.0,0.0,0.0,0.615384615,3,False
351,0,20,12,0,0,0,0,3.0,False,1970,0.0,0.6,0.0,0.0,0.0,0.15,5,False
352,0,13,11,0,0,0,0,0.0,False,1970,0.0,0.846153846,0.0,0.0,0.0,0.0,3,False
353,0,11,7,0,0,0,0,0.0,False,1970,0.0,0.636363636,0.0,0.0,0.0,0.0,5,False
354,0,2,1,0,0,0,0,0.0,False,1970,0.0,0.5,0.0,0.0,0.0,0.0,1,False
355,0,1,1,0,0,0,0,0.0,False,1970,0.0,1.0,0.0,0.0,0.0,0.0,1,False
356,3,128,126,13,14,31,12,253.0,False,1960,0.1015625,0.984375,0.109375,0.2421875,0.09375,1.9765625,16,True
357,0,15,12,0,0,0,0,2.0,False,1970,0.0,0.8,0.0,0.0,0.0,0.133333333,2,False
358,1,62,60,10,6,13,3,107.0,False,1970,0.161290323,0.967741935,0.096774194,0.209677419,0.048387097,1.725806452,7,True
359,0,13,12,0,0,1,0,9.0,False,1970,0.0,0.923076923,0.0,0.076923077,0.0,0.692307692,4,False
360,0,104,100,0,4,27,3,188.5,False,1960,0.0,0.961538462,0.038461538,0.259615385,0.028846154,1.8125,13,False
361,0,29,27,0,0,2,0,20.0,False,1970,0.0,0.931034483,0.0,0.068965517,0.0,0.689655172,4,False
362,0,4,4,0,0,0,0,0.0,False,1970,0.0,1.0,0.0,0.0,0.0,0.0,4,False
363,0,4,4,0,0,0,0,3.0,False,1970,0.0,1.0,0.0,0.0,0.0,0.75,1,False
364,0,87,86,3,4,19,6,133.0,False,1960,0.034482759,0.988505747,0.045977011,0.218390805,0.068965517,1.528735632,11,False
365,0,3,2,0,0,0,0,0.0,False,1970,0.0,0.666666667,0.0,0.0,0.0,0.0,3,False
366,0,1,1,0,0,0,0,0.0,False,1970,0.0,1.0,0.0,0.0,0.0,0.0,1,False
367,0,2,1,0,0,0,0,0.0,False,1970,0.0,0.5,0.0,0.0,0.0,0.0,1,False
368,0,5,5,0,0,0,0,0.0,False,1970,0.0,1.0,0.0,0.0,0.0,0.0,5,False
369,0,2,2,0,0,0,0,0.0,False,1970,0.0,1.0,0.0,0.0,0.0,0.0,2,False
370,0,17,16,0,0,1,1,11.0,False,1970,0.0,0.941176471,0.0,0.058823529,0.058823529,0.647058824,5,False
371,0,3,2,0,0,0,0,0.0,False,1970,0.0,0.666666667,0.0,0.0,0.0,0.0,3,False
372,0,1,1,0,0,0,0,0.0,False,1970,0.0,1.0,0.0,0.0,0.0,0.0,1,False
373,2,73,72,33,25,32,28,255.0,False,1960,0.452054795,0.98630137,0.342465753,0.438356164,0.383561644,3.493150685,9,True
374,0,37,36,0,0,1,0,27.0,False,1970,0.0,0.972972973,0.0,0.027027027,0.0,0.72972973,6,False
375,0,12,10,0,1,1,1,17.0,False,1970,0.0,0.833333333,0.083333333,0.083333333,0.083333333,1.416666667,6,False
376,0,19,17,0,0,1,0,6.0,False,1960,0.0,0.894736842,0.0,0.052631579,0.0,0.315789474,7,False
377,0,3,3,0,0,0,0,0.0,False,1970,0.0,1.0,0.0,0.0,0.0,0.0,1,False
378,0,1,1,0,0,0,0,0.0,False,1970,0.0,1.0,0.0,0.0,0.0,0.0,1,False
379,0,4,4,0,0,0,0,0.0,False,1970,0.0,1.0,0.0,0.0,0.0,0.0,4,False
380,0,9,8,0,0,0,0,0.0,False,1970,0.0,0.888888889,0.0,0.0,0.0,0.0,3,False
381,0,2,1,0,0,0,0,0.0,False,1970,0.0,0.5,0.0,0.0,0.0,0.0,1,False
382,0,8,8,0,0,0,0,0.0,False,1970,0.0,1.0,0.0,0.0,0.0,0.0,6,False
383,0,29,25,0,0,1,0,8.0,False,1960,0.0,0.862068966,0.0,0.034482759,0.0,0.275862069,5,False
384,0,1,1,0,0,0,0,0.0,False,1970,0.0,1.0,0.0,0.0,0.0,0.0,1,False
385,0,42,42,1,1,8,2,58.0,False,1960,0.023809524,1.0,0.023809524,0.19047619,0.047619048,1.380952381,7,False
386,0,54,52,0,1,14,3,102.0,False,1960,0.0,0.962962963,0.018518519,0.259259259,0.055555556,1.888888889,8,False
387,0,7,6,1,0,2,0,14.0,False,1960,0.142857143,0.857142857,0.0,0.285714286,0.0,2.0,3,False
388,0,10,10,0,0,0,0,2.0,False,1970,0.0,1.0,0.0,0.0,0.0,0.2,2,False
389,0,13,12,0,0,0,0,1.0,False,1970,0.0,0.923076923,0.0,0.0,0.0,0.076923077,2,False
390,0,1,1,0,0,0,0,0.0,False,1970,0.0,1.0,0.0,0.0,0.0,0.0,1,False
391,0,1,0,0,0,0,0,0.0,False,1970,0.0,0.0,0.0,0.0,0.0,0.0,1,False
392,0,2,1,0,0,0,0,0.0,False,1970,0.0,0.5,0.0,0.0,0.0,0.0,1,False
393,0,1,0,0,0,0,0,0.0,False,1970,0.0,0.0,0.0,0.0,0.0,0.0,1,False
394,0,21,21,0,1,1,1,14.0,False,1960,0.0,1.0,0.047619048,0.047619048,0.047619048,0.666666667,7,False
395,0,1,1,0,0,0,0,0.0,False,1970,0.0,1.0,0.0,0.0,0.0,0.0,1,False
396,0,9,9,0,0,0,0,3.0,False,1970,0.0,1.0,0.0,0.0,0.0,0.333333333,2,False
397,0,13,11,0,0,2,0,12.0,False,1960,0.0,0.846153846,0.0,0.153846154,0.0,0.923076923,3,False
398,0,2,1,0,0,0,0,0.0,False,1960,0.0,0.5,0.0,0.0,0.0,0.0,2,False
399,0,5,5,0,0,0,0,1.0,False,1960,0.0,1.0,0.0,0.0,0.0,0.2,2,False
400,0,2,2,0,0,0,0,0.0,False,1970,0.0,1.0,0.0,0.0,0.0,0.0,1,False
401,0,29,27,0,0,1,0,8.0,False,1960,0.0,0.931034483,0.0,0.034482759,0.0,0.275862069,6,False
402,0,3,2,0,0,0,0,0.0,False,1960,0.0,0.666666667,0.0,0.0,0.0,0.0,3,False
403,1,52,49,6,3,16,6,94.0,False,1960,0.115384615,0.942307692,0.057692308,0.307692308,0.115384615,1.807692308,8,True
404,0,53,50,0,1,4,1,47.0,False,1960,0.0,0.943396226,0.018867925,0.075471698,0.018867925,0.886792453,8,False
405,0,11,11,0,0,0,0,2.0,False,1960,0.0,1.0,0.0,0.0,0.0,0.181818182,3,False
406,0,3,3,0,0,0,0,0.0,False,1960,0.0,1.0,0.0,0.0,0.0,0.0,1,False
407,0,2,2,0,0,0,0,0.0,False,1960,0.0,1.0,0.0,0.0,0.0,0.0,2,False
408,0,27,25,0,0,3,0,26.0,False,1960,0.0,0.925925926,0.0,0.111111111,0.0,0.962962963,5,False
409,0,2,1,0,0,0,0,0.0,False,1960,0.0,0.5,0.0,0.0,0.0,0.0,2,False
410,0,2,1,0,0,0,0,1.0,False,1960,0.0,0.5,0.0,0.0,0.0,0.5,2,False
411,0,3,2,0,0,0,0,0.0,False,1960,0.0,0.666666667,0.0,0.0,0.0,0.0,3,False
412,0,2,1,0,0,0,0,0.0,False,1960,0.0,0.5,0.0,0.0,0.0,0.0,2,False
413,0,3,2,0,0,0,0,0.0,False,1960,0.0,0.666666667,0.0,0.0,0.0,0.0,3,False
414,0,1,0,0,0,0,0,0.0,False,1960,0.0,0.0,0.0,0.0,0.0,0.0,1,False
415,0,1,0,0,0,0,0,0.0,False,1960,0.0,0.0,0.0,0.0,0.0,0.0,1,False
416,0,1,0,0,0,0,0,0.0,False,1960,0.0,0.0,0.0,0.0,0.0,0.0,1,False
417,0,1,0,0,0,0,0,0.0,False,1960,0.0,0.0,0.0,0.0,0.0,0.0,1,False
418,0,43,38,0,0,3,0,21.0,False,1960,0.0,0.88372093,0.0,0.069767442,0.0,0.488372093,8,False
419,0,1,1,0,0,0,0,0.0,False,1960,0.0,1.0,0.0,0.0,0.0,0.0,1,False
420,0,7,3,0,0,0,0,0.0,False,1960,0.0,0.428571429,0.0,0.0,0.0,0.0,3,False
421,0,1,0,0,0,0,0,0.0,False,1960,0.0,0.0,0.0,0.0,0.0,0.0,1,False
422,0,1,0,0,0,0,0,0.0,False,1960,0.0,0.0,0.0,0.0,0.0,0.0,1,False
423,0,7,5,0,0,0,0,3.0,False,1960,0.0,0.714285714,0.0,0.0,0.0,0.428571429,3,False
424,0,3,2,0,0,0,0,0.0,False,1960,0.0,0.666666667,0.0,0.0,0.0,0.0,2,False
425,0,5,4,0,0,0,0,0.0,False,1960,0.0,0.8,0.0,0.0,0.0,0.0,3,False
426,0,1,1,0,0,0,0,0.0,False,1960,0.0,1.0,0.0,0.0,0.0,0.0,1,False
427,0,84,82,0,2,10,1,72.33,False,1960,0.0,0.976190476,0.023809524,0.119047619,0.011904762,0.861071429,15,False
428,0,6,4,0,0,0,0,0.0,False,1960,0.0,0.666666667,0.0,0.0,0.0,0.0,4,False
429,0,14,9,0,0,0,0,2.0,False,1960,0.0,0.642857143,0.0,0.0,0.0,0.142857143,7,False
430,0,31,28,0,0,0,0,4.0,False,1960,0.0,0.903225806,0.0,0.0,0.0,0.129032258,8,False
431,0,7,5,0,0,0,0,0.0,False,1960,0.0,0.714285714,0.0,0.0,0.0,0.0,6,False
432,0,5,4,0,0,0,0,0.0,False,1960,0.0,0.8,0.0,0.0,0.0,0.0,4,False
433,0,2,2,0,0,0,0,2.0,False,1960,0.0,1.0,0.0,0.0,0.0,1.0,2,False
434,0,6,6,0,0,0,0,0.0,False,1960,0.0,1.0,0.0,0.0,0.0,0.0,4,False
435,0,13,12,0,0,1,0,7.0,False,1960,0.0,0.923076923,0.0,0.076923077,0.0,0.538461538,5,False
436,0,2,2,0,0,0,0,0.0,False,1960,0.0,1.0,0.0,0.0,0.0,0.0,2,False
437,0,20,16,0,0,0,0,0.0,False,1960,0.0,0.8,0.0,0.0,0.0,0.0,6,False
438,0,7,6,0,0,0,0,0.0,False,1960,0.0,0.857142857,0.0,0.0,0.0,0.0,2,False
439,0,2,1,0,0,0,0,0.0,False,1960,0.0,0.5,0.0,0.0,0.0,0.0,2,False
440,0,12,11,0,0,0,0,3.0,False,1960,0.0,0.916666667,0.0,0.0,0.0,0.25,4,False
441,0,4,2,0,0,0,0,0.0,False,1960,0.0,0.5,0.0,0.0,0.0,0.0,3,False
442,0,1,0,0,0,0,0,0.0,False,1960,0.0,0.0,0.0,0.0,0.0,0.0,1,False
443,0,2,0,0,0,0,0,0.0,False,1970,0.0,0.0,0.0,0.0,0.0,0.0,2,False
444,0,3,1,0,0,0,0,0.0,False,1960,0.0,0.333333333,0.0,0.0,0.0,0.0,3,False
445,0,1,0,0,0,0,0,0.0,False,1960,0.0,0.0,0.0,0.0,0.0,0.0,1,False
446,0,3,0,0,0,0,0,0.0,False,1960,0.0,0.0,0.0,0.0,0.0,0.0,2,False
447,0,1,1,0,0,0,0,0.0,False,1960,0.0,1.0,0.0,0.0,0.0,0.0,1,False
448,0,1,1,0,0,0,0,0.0,False,1960,0.0,1.0,0.0,0.0,0.0,0.0,1,False
449,0,12,12,0,1,2,0,14.0,False,1960,0.0,1.0,0.083333333,0.166666667,0.0,1.166666667,11,False
450,0,1,0,0,0,0,0,0.0,False,1960,0.0,0.0,0.0,0.0,0.0,0.0,1,False
451,0,1,0,0,0,0,0,0.0,False,1960,0.0,0.0,0.0,0.0,0.0,0.0,1,False
452,0,1,0,0,0,0,0,0.0,False,1960,0.0,0.0,0.0,0.0,0.0,0.0,1,False
842,0,109,109,0,1,3,3,334.0,True,2020,0.0,1.0,0.009174312,0.027522936,0.027522936,3.064220183,6,False
453,0,10,9,0,0,0,0,3.0,False,1960,0.0,0.9,0.0,0.0,0.0,0.3,2,False
454,0,6,5,0,0,0,0,4.0,False,1960,0.0,0.833333333,0.0,0.0,0.0,0.666666667,2,False
455,0,12,10,0,0,0,0,0.0,False,1960,0.0,0.833333333,0.0,0.0,0.0,0.0,5,False
456,0,50,47,0,0,2,0,19.0,False,1960,0.0,0.94,0.0,0.04,0.0,0.38,11,False
457,0,1,1,0,0,0,0,0.0,False,1960,0.0,1.0,0.0,0.0,0.0,0.0,1,False
458,0,1,0,0,0,0,0,0.0,False,1960,0.0,0.0,0.0,0.0,0.0,0.0,1,False
459,0,5,4,0,0,0,0,0.0,False,1960,0.0,0.8,0.0,0.0,0.0,0.0,3,False
460,0,4,3,0,0,0,0,0.0,False,1960,0.0,0.75,0.0,0.0,0.0,0.0,2,False
461,0,1,1,0,0,0,0,0.0,False,1960,0.0,1.0,0.0,0.0,0.0,0.0,1,False
462,0,2,2,0,0,0,0,0.0,False,1960,0.0,1.0,0.0,0.0,0.0,0.0,1,False
463,0,3,1,0,0,0,0,0.0,False,1960,0.0,0.333333333,0.0,0.0,0.0,0.0,1,False
464,0,3,1,0,0,0,0,0.0,False,1960,0.0,0.333333333,0.0,0.0,0.0,0.0,1,False
465,0,6,3,0,0,0,0,0.0,False,1960,0.0,0.5,0.0,0.0,0.0,0.0,4,False
466,0,1,1,0,0,0,0,0.0,False,1960,0.0,1.0,0.0,0.0,0.0,0.0,1,False
467,0,1,0,0,0,0,0,0.0,False,1960,0.0,0.0,0.0,0.0,0.0,0.0,1,False
468,0,2,2,0,0,0,0,0.0,False,1960,0.0,1.0,0.0,0.0,0.0,0.0,2,False
469,0,1,1,0,0,0,0,0.0,False,1960,0.0,1.0,0.0,0.0,0.0,0.0,1,False
470,0,1,1,0,0,0,0,0.0,False,1960,0.0,1.0,0.0,0.0,0.0,0.0,1,False
471,0,1,1,0,0,0,0,0.0,False,1960,0.0,1.0,0.0,0.0,0.0,0.0,1,False
472,0,1,1,0,0,0,0,0.0,False,1960,0.0,1.0,0.0,0.0,0.0,0.0,1,False
473,0,1,0,0,0,0,0,0.0,False,1960,0.0,0.0,0.0,0.0,0.0,0.0,1,False
474,0,1,0,0,0,0,0,0.0,False,1960,0.0,0.0,0.0,0.0,0.0,0.0,1,False
475,0,67,66,16,16,24,19,185.64,False,1960,0.23880597,0.985074627,0.23880597,0.358208955,0.28358209,2.770746269,11,False
476,0,29,27,1,2,6,0,56.0,False,1960,0.034482759,0.931034483,0.068965517,0.206896552,0.0,1.931034483,6,False
477,0,18,16,0,0,1,0,11.0,False,1960,0.0,0.888888889,0.0,0.055555556,0.0,0.611111111,4,False
478,0,19,17,0,0,1,1,10.0,False,1960,0.0,0.894736842,0.0,0.052631579,0.052631579,0.526315789,8,False
479,0,39,38,3,6,10,3,75.0,False,1960,0.076923077,0.974358974,0.153846154,0.256410256,0.076923077,1.923076923,6,False
480,0,3,2,0,0,0,0,0.0,False,1960,0.0,0.666666667,0.0,0.0,0.0,0.0,1,False
481,0,11,8,0,0,0,0,3.0,False,1960,0.0,0.727272727,0.0,0.0,0.0,0.272727273,3,False
482,0,15,14,0,0,2,0,18.0,False,1960,0.0,0.933333333,0.0,0.133333333,0.0,1.2,5,False
483,0,15,12,0,0,0,0,1.0,False,1960,0.0,0.8,0.0,0.0,0.0,0.066666667,6,False
484,0,8,7,0,0,0,0,0.0,False,1960,0.0,0.875,0.0,0.0,0.0,0.0,5,False
485,0,1,0,0,0,0,0,0.0,False,1960,0.0,0.0,0.0,0.0,0.0,0.0,1,False
486,0,13,12,0,0,0,0,5.0,False,1960,0.0,0.923076923,0.0,0.0,0.0,0.384615385,8,False
487,0,2,1,0,0,0,0,0.0,False,1960,0.0,0.5,0.0,0.0,0.0,0.0,1,False
488,0,1,0,0,0,0,0,0.0,False,1960,0.0,0.0,0.0,0.0,0.0,0.0,1,False
489,0,1,1,0,0,0,0,0.0,False,1960,0.0,1.0,0.0,0.0,0.0,0.0,1,False
490,0,1,0,0,0,0,0,0.0,False,1960,0.0,0.0,0.0,0.0,0.0,0.0,1,False
491,0,1,1,0,0,0,0,0.0,False,1960,0.0,1.0,0.0,0.0,0.0,0.0,1,False
492,0,1,0,0,0,0,0,0.0,False,1960,0.0,0.0,0.0,0.0,0.0,0.0,1,False
493,0,1,1,0,0,0,0,0.0,False,1960,0.0,1.0,0.0,0.0,0.0,0.0,1,False
494,0,2,2,0,0,0,0,0.0,False,1960,0.0,1.0,0.0,0.0,0.0,0.0,2,False
495,0,1,0,0,0,0,0,0.0,False,1960,0.0,0.0,0.0,0.0,0.0,0.0,1,False
496,0,11,10,0,0,1,0,9.0,False,1960,0.0,0.909090909,0.0,0.090909091,0.0,0.818181818,7,False
497,0,1,1,0,0,0,0,0.0,False,1960,0.0,1.0,0.0,0.0,0.0,0.0,1,False
498,0,26,26,3,2,15,6,72.14,False,1950,0.115384615,1.0,0.076923077,0.576923077,0.230769231,2.774615385,9,False
499,0,1,1,0,0,0,0,0.0,False,1960,0.0,1.0,0.0,0.0,0.0,0.0,1,False
500,0,4,4,0,0,0,0,0.0,False,1960,0.0,1.0,0.0,0.0,0.0,0.0,1,False
501,0,57,56,0,0,2,0,32.0,False,1960,0.0,0.98245614,0.0,0.035087719,0.0,0.561403509,11,False
502,0,7,7,0,0,0,0,0.0,False,1960,0.0,1.0,0.0,0.0,0.0,0.0,3,False
503,0,1,1,0,0,0,0,0.0,False,1960,0.0,1.0,0.0,0.0,0.0,0.0,1,False
504,0,1,1,0,0,0,0,0.0,False,1960,0.0,1.0,0.0,0.0,0.0,0.0,1,False
505,0,4,4,0,0,0,0,0.0,False,1960,0.0,1.0,0.0,0.0,0.0,0.0,2,False
506,0,9,8,0,0,0,0,0.0,False,1960,0.0,0.888888889,0.0,0.0,0.0,0.0,4,False
507,0,6,3,0,0,0,0,0.0,False,1960,0.0,0.5,0.0,0.0,0.0,0.0,1,False
508,0,4,1,0,0,0,0,0.0,False,1960,0.0,0.25,0.0,0.0,0.0,0.0,1,False
509,0,10,10,0,1,4,2,29.0,False,1960,0.0,1.0,0.1,0.4,0.2,2.9,10,False
510,0,3,3,0,0,1,0,6.0,False,1960,0.0,1.0,0.0,0.333333333,0.0,2.0,3,False
511,0,2,2,0,0,0,0,3.0,False,1960,0.0,1.0,0.0,0.0,0.0,1.5,2,False
512,0,8,8,1,0,1,1,10.0,False,1960,0.125,1.0,0.0,0.125,0.125,1.25,8,False
513,0,9,9,0,0,0,0,1.0,False,1960,0.0,1.0,0.0,0.0,0.0,0.111111111,9,False
514,0,5,5,0,0,0,0,0.0,False,1960,0.0,1.0,0.0,0.0,0.0,0.0,5,False
515,0,1,1,0,0,0,0,0.0,False,1960,0.0,1.0,0.0,0.0,0.0,0.0,1,False
516,0,7,5,0,0,0,0,0.0,False,1960,0.0,0.714285714,0.0,0.0,0.0,0.0,5,False
517,0,2,2,0,0,0,0,0.0,False,1960,0.0,1.0,0.0,0.0,0.0,0.0,2,False
518,0,8,8,0,0,1,0,6.5,False,1950,0.0,1.0,0.0,0.125,0.0,0.8125,8,False
519,0,6,3,0,0,0,0,1.0,False,1960,0.0,0.5,0.0,0.0,0.0,0.166666667,3,False
520,0,10,8,0,0,0,0,0.0,False,1960,0.0,0.8,0.0,0.0,0.0,0.0,10,False
521,0,5,5,0,0,0,0,0.0,False,1950,0.0,1.0,0.0,0.0,0.0,0.0,5,False
522,0,2,2,0,0,0,0,0.0,False,1960,0.0,1.0,0.0,0.0,0.0,0.0,2,False
523,0,5,3,0,0,0,0,0.0,False,1960,0.0,0.6,0.0,0.0,0.0,0.0,3,False
524,0,1,1,0,0,0,0,0.0,False,1960,0.0,1.0,0.0,0.0,0.0,0.0,1,False
525,0,10,9,0,1,3,0,18.0,False,1960,0.0,0.9,0.1,0.3,0.0,1.8,9,False
526,0,12,8,0,1,1,0,9.5,False,1950,0.0,0.666666667,0.083333333,0.083333333,0.0,0.791666667,10,False
527,0,7,4,1,0,0,0,0.0,False,1960,0.142857143,0.571428571,0.0,0.0,0.0,0.0,4,False
528,0,8,8,0,0,1,0,4.0,False,1960,0.0,1.0,0.0,0.125,0.0,0.5,8,False
529,0,11,11,0,0,1,1,11.0,False,1960,0.0,1.0,0.0,0.090909091,0.090909091,1.0,11,False
530,0,1,1,0,0,0,0,0.0,False,1960,0.0,1.0,0.0,0.0,0.0,0.0,1,False
531,0,3,3,0,0,0,0,0.0,False,1960,0.0,1.0,0.0,0.0,0.0,0.0,3,False
532,0,7,4,0,0,0,0,0.0,False,1960,0.0,0.571428571,0.0,0.0,0.0,0.0,4,False
533,0,6,6,0,0,1,0,4.0,False,1960,0.0,1.0,0.0,0.166666667,0.0,0.666666667,6,False
534,0,5,2,0,0,0,0,0.0,False,1960,0.0,0.4,0.0,0.0,0.0,0.0,2,False
535,0,5,2,0,0,0,0,0.0,False,1960,0.0,0.4,0.0,0.0,0.0,0.0,2,False
536,0,4,3,0,0,0,0,0.0,False,1960,0.0,0.75,0.0,0.0,0.0,0.0,3,False
537,0,6,5,1,0,0,0,2.0,False,1960,0.166666667,0.833333333,0.0,0.0,0.0,0.333333333,5,False
538,0,8,5,0,0,0,0,0.0,False,1960,0.0,0.625,0.0,0.0,0.0,0.0,5,False
539,0,5,2,0,0,0,0,0.0,False,1960,0.0,0.4,0.0,0.0,0.0,0.0,2,False
540,0,2,1,0,0,0,0,0.0,False,1960,0.0,0.5,0.0,0.0,0.0,0.0,2,False
541,0,14,14,0,0,1,0,5.0,False,1960,0.0,1.0,0.0,0.071428571,0.0,0.357142857,6,False
542,0,3,2,0,0,0,0,0.0,False,1960,0.0,0.666666667,0.0,0.0,0.0,0.0,2,False
543,0,4,3,0,0,0,0,3.0,False,1960,0.0,0.75,0.0,0.0,0.0,0.75,3,False
544,0,1,1,0,0,0,0,0.0,False,1960,0.0,1.0,0.0,0.0,0.0,0.0,1,False
545,0,1,1,0,0,0,0,0.0,False,1960,0.0,1.0,0.0,0.0,0.0,0.0,1,False
546,0,1,1,0,0,0,0,0.0,False,1960,0.0,1.0,0.0,0.0,0.0,0.0,1,False
547,0,18,14,0,0,0,0,2.0,False,1960,0.0,0.777777778,0.0,0.0,0.0,0.111111111,6,False
548,0,1,1,0,0,0,0,0.0,False,1960,0.0,1.0,0.0,0.0,0.0,0.0,1,False
549,0,6,5,0,0,0,0,0.0,False,1960,0.0,0.833333333,0.0,0.0,0.0,0.0,3,False
550,0,1,0,0,0,0,0,0.0,False,1960,0.0,0.0,0.0,0.0,0.0,0.0,1,False
551,0,5,3,0,0,0,0,0.0,False,1960,0.0,0.6,0.0,0.0,0.0,0.0,2,False
552,0,1,0,0,0,0,0,0.0,False,1960,0.0,0.0,0.0,0.0,0.0,0.0,1,False
553,0,2,0,0,0,0,0,0.0,False,1960,0.0,0.0,0.0,0.0,0.0,0.0,2,False
554,0,53,52,0,0,9,1,51.14,False,1960,0.0,0.981132075,0.0,0.169811321,0.018867925,0.96490566,8,False
555,0,11,8,0,0,1,1,8.5,False,1960,0.0,0.727272727,0.0,0.090909091,0.090909091,0.772727273,11,False
556,0,10,6,0,0,0,0,0.0,False,1960,0.0,0.6,0.0,0.0,0.0,0.0,6,False
557,0,2,1,0,0,0,0,0.0,False,1960,0.0,0.5,0.0,0.0,0.0,0.0,1,False
558,0,6,5,0,0,0,0,0.0,False,1960,0.0,0.833333333,0.0,0.0,0.0,0.0,5,False
559,0,6,6,1,1,1,0,8.0,False,1950,0.166666667,1.0,0.166666667,0.166666667,0.0,1.333333333,6,False
560,0,4,3,0,0,0,0,0.0,False,1960,0.0,0.75,0.0,0.0,0.0,0.0,3,False
561,0,5,3,0,0,0,0,0.0,False,1960,0.0,0.6,0.0,0.0,0.0,0.0,3,False
562,0,5,4,0,0,0,0,0.0,False,1960,0.0,0.8,0.0,0.0,0.0,0.0,4,False
563,0,6,4,0,0,0,0,0.0,False,1960,0.0,0.666666667,0.0,0.0,0.0,0.0,4,False
564,0,5,2,0,0,0,0,0.0,False,1960,0.0,0.4,0.0,0.0,0.0,0.0,2,False
565,0,4,3,0,0,0,0,0.0,False,1960,0.0,0.75,0.0,0.0,0.0,0.0,3,False
566,0,8,8,0,0,0,0,0.0,False,1960,0.0,1.0,0.0,0.0,0.0,0.0,2,False
567,0,3,3,0,0,0,0,0.0,False,1960,0.0,1.0,0.0,0.0,0.0,0.0,1,False
568,0,1,0,0,0,0,0,0.0,False,1960,0.0,0.0,0.0,0.0,0.0,0.0,1,False
569,0,1,1,0,0,0,0,0.0,False,1960,0.0,1.0,0.0,0.0,0.0,0.0,1,False
570,0,1,0,0,0,0,0,0.0,False,1960,0.0,0.0,0.0,0.0,0.0,0.0,1,False
571,0,1,0,0,0,0,0,0.0,False,1960,0.0,0.0,0.0,0.0,0.0,0.0,1,False
572,0,1,1,0,0,0,0,0.0,False,1960,0.0,1.0,0.0,0.0,0.0,0.0,1,False
573,0,2,2,0,0,0,0,0.0,False,1960,0.0,1.0,0.0,0.0,0.0,0.0,2,False
574,0,1,1,0,0,0,0,0.0,False,1960,0.0,1.0,0.0,0.0,0.0,0.0,1,False
575,0,1,1,0,0,0,0,0.0,False,1960,0.0,1.0,0.0,0.0,0.0,0.0,1,False
576,0,1,0,0,0,0,0,0.0,False,1960,0.0,0.0,0.0,0.0,0.0,0.0,1,False
577,0,25,24,0,1,7,1,44.0,False,1960,0.0,0.96,0.04,0.28,0.04,1.76,6,False
578,1,47,45,4,3,18,6,112.64,False,1960,0.085106383,0.957446809,0.063829787,0.382978723,0.127659574,2.396595745,7,True
579,5,52,51,29,24,35,23,245.0,False,1950,0.557692308,0.980769231,0.461538462,0.673076923,0.442307692,4.711538462,8,True
580,0,14,13,0,0,0,0,6.0,False,1960,0.0,0.928571429,0.0,0.0,0.0,0.428571429,5,False
581,0,35,32,0,3,9,0,47.0,False,1960,0.0,0.914285714,0.085714286,0.257142857,0.0,1.342857143,7,False
582,0,2,0,0,0,0,0,0.0,False,1960,0.0,0.0,0.0,0.0,0.0,0.0,1,False
583,0,7,6,0,0,0,0,1.5,False,1960,0.0,0.857142857,0.0,0.0,0.0,0.214285714,2,False
584,0,1,0,0,0,0,0,0.0,False,1960,0.0,0.0,0.0,0.0,0.0,0.0,1,False
585,0,2,1,0,0,0,0,0.0,False,1960,0.0,0.5,0.0,0.0,0.0,0.0,2,False
586,0,8,5,0,0,0,0,0.0,False,1960,0.0,0.625,0.0,0.0,0.0,0.0,4,False
587,0,2,0,0,0,0,0,0.0,False,1960,0.0,0.0,0.0,0.0,0.0,0.0,1,False
588,0,1,0,0,0,0,0,0.0,False,1960,0.0,0.0,0.0,0.0,0.0,0.0,1,False
589,0,19,15,0,0,1,0,4.0,False,1950,0.0,0.789473684,0.0,0.052631579,0.0,0.210526316,6,False
590,0,14,14,2,0,2,0,16.0,False,1960,0.142857143,1.0,0.0,0.142857143,0.0,1.142857143,2,False
591,0,2,1,0,0,1,0,6.0,False,1960,0.0,0.5,0.0,0.5,0.0,3.0,1,False
592,0,6,6,0,0,0,0,0.0,False,1960,0.0,1.0,0.0,0.0,0.0,0.0,6,False
593,0,9,9,0,1,1,1,12.0,False,1950,0.0,1.0,0.111111111,0.111111111,0.111111111,1.333333333,9,False
594,0,7,3,0,0,0,0,0.0,False,1960,0.0,0.428571429,0.0,0.0,0.0,0.0,3,False
595,0,3,2,0,0,0,0,0.0,False,1960,0.0,0.666666667,0.0,0.0,0.0,0.0,2,False
596,0,5,5,0,0,0,0,0.0,False,1960,0.0,1.0,0.0,0.0,0.0,0.0,5,False
597,0,6,5,1,0,0,0,0.0,False,1960,0.166666667,0.833333333,0.0,0.0,0.0,0.0,5,False
598,0,1,1,0,0,0,0,0.0,False,1960,0.0,1.0,0.0,0.0,0.0,0.0,1,False
599,0,1,1,0,0,0,0,0.0,False,1960,0.0,1.0,0.0,0.0,0.0,0.0,1,False
600,0,1,1,0,0,0,0,0.0,False,1960,0.0,1.0,0.0,0.0,0.0,0.0,1,False
601,0,2,2,0,0,0,0,0.0,False,1960,0.0,1.0,0.0,0.0,0.0,0.0,2,False
602,0,1,1,0,0,0,0,0.0,False,1960,0.0,1.0,0.0,0.0,0.0,0.0,1,False
603,0,1,1,0,0,0,0,0.0,False,1960,0.0,1.0,0.0,0.0,0.0,0.0,1,False
604,0,1,1,0,0,0,0,0.0,False,1960,0.0,1.0,0.0,0.0,0.0,0.0,1,False
605,0,1,1,0,0,0,0,0.0,False,1960,0.0,1.0,0.0,0.0,0.0,0.0,1,False
606,0,5,5,0,0,1,0,4.0,False,1960,0.0,1.0,0.0,0.2,0.0,0.8,2,False
607,0,8,8,0,0,2,0,5.0,False,1960,0.0,1.0,0.0,0.25,0.0,0.625,3,False
608,0,14,14,1,0,3,0,19.5,False,1960,0.071428571,1.0,0.0,0.214285714,0.0,1.392857143,3,False
609,0,12,11,0,0,0,0,0.0,False,1950,0.0,0.916666667,0.0,0.0,0.0,0.0,5,False
610,0,3,2,0,0,0,0,0.0,False,1960,0.0,0.666666667,0.0,0.0,0.0,0.0,2,False
611,0,8,8,0,1,4,0,20.0,False,1950,0.0,1.0,0.125,0.5,0.0,2.5,8,False
612,0,8,7,0,0,0,0,5.0,False,1950,0.0,0.875,0.0,0.0,0.0,0.625,7,False
613,0,5,3,0,0,0,0,0.0,False,1950,0.0,0.6,0.0,0.0,0.0,0.0,3,False
614,0,2,1,0,0,0,0,0.0,False,1960,0.0,0.5,0.0,0.0,0.0,0.0,1,False
615,0,9,8,1,0,0,0,1.5,False,1950,0.111111111,0.888888889,0.0,0.0,0.0,0.166666667,8,False
616,0,3,1,0,0,0,0,0.0,False,1960,0.0,0.333333333,0.0,0.0,0.0,0.0,1,False
617,0,1,1,0,0,0,0,0.0,False,1960,0.0,1.0,0.0,0.0,0.0,0.0,1,False
618,0,1,1,0,0,0,0,0.0,False,1960,0.0,1.0,0.0,0.0,0.0,0.0,1,False
619,0,8,8,0,0,0,0,0.0,False,1950,0.0,1.0,0.0,0.0,0.0,0.0,6,False
620,0,10,10,0,0,2,0,3.33,False,1960,0.0,1.0,0.0,0.2,0.0,0.333,5,False
621,0,1,1,0,0,0,0,0.0,False,1960,0.0,1.0,0.0,0.0,0.0,0.0,1,False
622,0,6,6,0,0,0,0,1.5,False,1950,0.0,1.0,0.0,0.0,0.0,0.25,4,False
623,0,2,2,0,0,0,0,0.0,False,1960,0.0,1.0,0.0,0.0,0.0,0.0,2,False
624,0,7,7,0,0,0,0,2.0,False,1960,0.0,1.0,0.0,0.0,0.0,0.285714286,2,False
625,0,8,7,0,0,0,0,2.0,False,1950,0.0,0.875,0.0,0.0,0.0,0.25,5,False
626,0,29,28,0,0,2,0,16.0,False,1950,0.0,0.965517241,0.0,0.068965517,0.0,0.551724138,7,False
627,0,38,38,0,0,2,0,18.0,False,1950,0.0,1.0,0.0,0.052631579,0.0,0.473684211,7,False
628,0,7,5,0,1,1,0,8.0,False,1950,0.0,0.714285714,0.142857143,0.142857143,0.0,1.142857143,5,False
629,0,7,3,0,0,0,0,0.0,False,1950,0.0,0.428571429,0.0,0.0,0.0,0.0,3,False
630,0,6,4,0,0,0,0,0.0,False,1950,0.0,0.666666667,0.0,0.0,0.0,0.0,4,False
631,0,3,2,0,0,0,0,0.0,False,1960,0.0,0.666666667,0.0,0.0,0.0,0.0,2,False
632,0,11,11,0,0,1,0,11.0,False,1950,0.0,1.0,0.0,0.090909091,0.0,1.0,5,False
633,0,34,31,0,0,8,1,46.0,False,1950,0.0,0.911764706,0.0,0.235294118,0.029411765,1.352941176,7,False
634,0,1,1,0,0,0,0,0.0,False,1960,0.0,1.0,0.0,0.0,0.0,0.0,1,False
635,0,1,0,0,0,0,0,0.0,False,1960,0.0,0.0,0.0,0.0,0.0,0.0,1,False
636,0,1,1,0,0,0,0,0.0,False,1960,0.0,1.0,0.0,0.0,0.0,0.0,1,False
637,0,1,1,0,0,0,0,0.0,False,1960,0.0,1.0,0.0,0.0,0.0,0.0,1,False
638,0,3,3,0,0,0,0,0.0,False,1960,0.0,1.0,0.0,0.0,0.0,0.0,3,False
639,0,1,1,0,0,0,0,0.0,False,1960,0.0,1.0,0.0,0.0,0.0,0.0,1,False
640,0,23,22,0,0,0,0,9.0,False,1950,0.0,0.956521739,0.0,0.0,0.0,0.391304348,6,False
641,0,19,18,0,1,5,1,41.0,False,1950,0.0,0.947368421,0.052631579,0.263157895,0.052631579,2.157894737,6,False
642,1,34,33,5,5,20,5,115.33,False,1950,0.147058824,0.970588235,0.147058824,0.588235294,0.147058824,3.392058824,6,True
643,0,17,17,0,0,0,1,13.0,False,1950,0.0,1.0,0.0,0.0,0.058823529,0.764705882,3,False
644,0,8,7,0,0,0,0,4.0,False,1950,0.0,0.875,0.0,0.0,0.0,0.5,3,False
645,0,5,5,0,0,0,0,0.0,False,1950,0.0,1.0,0.0,0.0,0.0,0.0,2,False
646,0,1,1,0,0,0,0,0.0,False,1960,0.0,1.0,0.0,0.0,0.0,0.0,1,False
647,2,33,32,14,13,17,12,107.64,False,1950,0.424242424,0.96969697,0.393939394,0.515151515,0.363636364,3.261818182,6,True
648,0,11,11,0,0,2,1,17.0,False,1950,0.0,1.0,0.0,0.181818182,0.090909091,1.545454545,2,False
649,0,2,2,0,0,0,0,0.0,False,1950,0.0,1.0,0.0,0.0,0.0,0.0,2,False
650,0,5,5,0,0,0,0,0.0,False,1950,0.0,1.0,0.0,0.0,0.0,0.0,2,False
651,0,15,13,0,0,0,0,0.0,False,1950,0.0,0.866666667,0.0,0.0,0.0,0.0,4,False
652,0,1,0,0,0,0,0,0.0,False,1960,0.0,0.0,0.0,0.0,0.0,0.0,1,False
653,0,8,5,0,0,1,0,4.0,False,1950,0.0,0.625,0.0,0.125,0.0,0.5,5,False
654,0,6,5,1,0,0,0,1.0,False,1950,0.166666667,0.833333333,0.0,0.0,0.0,0.166666667,5,False
655,0,3,3,0,0,0,0,0.0,False,1950,0.0,1.0,0.0,0.0,0.0,0.0,3,False
656,0,4,4,0,0,1,0,8.0,False,1950,0.0,1.0,0.0,0.25,0.0,2.0,4,False
657,0,6,5,1,2,2,3,19.0,False,1950,0.166666667,0.833333333,0.333333333,0.333333333,0.5,3.166666667,5,False
658,0,6,6,1,0,2,1,9.0,False,1950,0.166666667,1.0,0.0,0.333333333,0.166666667,1.5,6,False
659,0,4,4,1,0,0,0,0.0,False,1950,0.25,1.0,0.0,0.0,0.0,0.0,4,False
660,0,25,23,0,0,0,0,0.0,False,1950,0.0,0.92,0.0,0.0,0.0,0.0,5,False
661,0,4,4,0,0,0,0,0.0,False,1950,0.0,1.0,0.0,0.0,0.0,0.0,3,False
662,0,1,1,0,0,0,0,0.0,False,1960,0.0,1.0,0.0,0.0,0.0,0.0,1,False
663,0,16,15,0,0,0,0,3.0,False,1950,0.0,0.9375,0.0,0.0,0.0,0.1875,4,False
664,0,7,7,0,0,0,0,0.0,False,1950,0.0,1.0,0.0,0.0,0.0,0.0,3,False
665,0,2,2,0,0,0,0,0.0,False,1950,0.0,1.0,0.0,0.0,0.0,0.0,2,False
666,0,3,3,0,0,0,0,0.0,False,1950,0.0,1.0,0.0,0.0,0.0,0.0,3,False
667,0,2,2,0,0,0,0,0.0,False,1950,0.0,1.0,0.0,0.0,0.0,0.0,2,False
668,0,1,1,0,0,0,0,0.0,False,1960,0.0,1.0,0.0,0.0,0.0,0.0,1,False
669,0,19,19,0,0,0,0,8.0,False,1950,0.0,1.0,0.0,0.0,0.0,0.421052632,5,False
670,0,12,11,0,0,2,1,8.14,False,1950,0.0,0.916666667,0.0,0.166666667,0.083333333,0.678333333,3,False
671,0,1,1,0,0,0,0,0.0,False,1950,0.0,1.0,0.0,0.0,0.0,0.0,1,False
672,0,2,2,0,0,0,0,0.0,False,1950,0.0,1.0,0.0,0.0,0.0,0.0,1,False
673,0,4,3,0,0,1,0,8.0,False,1950,0.0,0.75,0.0,0.25,0.0,2.0,3,False
674,0,1,1,0,0,0,0,0.0,False,1950,0.0,1.0,0.0,0.0,0.0,0.0,1,False
675,0,6,4,0,0,1,0,2.0,False,1950,0.0,0.666666667,0.0,0.166666667,0.0,0.333333333,4,False
676,0,3,1,0,0,0,0,0.0,False,1950,0.0,0.333333333,0.0,0.0,0.0,0.0,1,False
677,0,5,4,0,0,0,0,0.0,False,1950,0.0,0.8,0.0,0.0,0.0,0.0,4,False
678,0,4,1,0,0,0,0,0.0,False,1950,0.0,0.25,0.0,0.0,0.0,0.0,1,False
679,0,3,1,0,0,0,0,0.0,False,1950,0.0,0.333333333,0.0,0.0,0.0,0.0,2,False
680,0,8,7,0,0,0,0,0.0,False,1950,0.0,0.875,0.0,0.0,0.0,0.0,3,False
681,0,2,2,0,0,0,0,0.0,False,1950,0.0,1.0,0.0,0.0,0.0,0.0,2,False
682,0,1,1,0,0,0,0,0.0,False,1950,0.0,1.0,0.0,0.0,0.0,0.0,1,False
683,0,1,1,0,0,0,0,0.0,False,1950,0.0,1.0,0.0,0.0,0.0,0.0,1,False
684,0,1,1,0,0,0,0,0.0,False,1950,0.0,1.0,0.0,0.0,0.0,0.0,1,False
685,0,1,1,0,0,0,0,0.0,False,1950,0.0,1.0,0.0,0.0,0.0,0.0,1,False
686,0,7,6,0,0,1,0,9.0,False,1950,0.0,0.857142857,0.0,0.142857143,0.0,1.285714286,4,False
687,0,12,10,0,0,1,0,4.0,False,1950,0.0,0.833333333,0.0,0.083333333,0.0,0.333333333,5,False
688,0,5,5,0,0,0,0,0.0,False,1950,0.0,1.0,0.0,0.0,0.0,0.0,2,False
689,0,9,8,0,0,0,0,2.0,False,1950,0.0,0.888888889,0.0,0.0,0.0,0.222222222,3,False
690,0,2,1,0,0,0,0,0.0,False,1950,0.0,0.5,0.0,0.0,0.0,0.0,1,False
691,0,2,2,0,0,0,0,2.0,False,1950,0.0,1.0,0.0,0.0,0.0,1.0,2,False
692,0,3,3,0,0,0,0,0.0,False,1950,0.0,1.0,0.0,0.0,0.0,0.0,3,False
693,0,5,3,0,0,0,0,0.0,False,1950,0.0,0.6,0.0,0.0,0.0,0.0,2,False
694,0,1,0,0,0,0,0,0.0,False,1950,0.0,0.0,0.0,0.0,0.0,0.0,1,False
695,0,1,1,0,0,0,0,2.0,False,1950,0.0,1.0,0.0,0.0,0.0,2.0,1,False
696,0,1,1,0,0,0,0,0.0,False,1950,0.0,1.0,0.0,0.0,0.0,0.0,1,False
697,0,16,15,0,0,2,0,17.5,False,1950,0.0,0.9375,0.0,0.125,0.0,1.09375,4,False
698,0,1,1,0,0,0,0,0.0,False,1950,0.0,1.0,0.0,0.0,0.0,0.0,1,False
699,0,5,3,1,0,0,0,0.0,False,1950,0.2,0.6,0.0,0.0,0.0,0.0,3,False
700,0,2,2,0,0,0,0,0.0,False,1950,0.0,1.0,0.0,0.0,0.0,0.0,2,False
701,0,3,2,0,0,1,0,6.0,False,1950,0.0,0.666666667,0.0,0.333333333,0.0,2.0,2,False
702,0,3,3,0,0,0,0,0.0,False,1950,0.0,1.0,0.0,0.0,0.0,0.0,3,False
703,0,2,2,0,0,0,0,0.0,False,1950,0.0,1.0,0.0,0.0,0.0,0.0,2,False
704,0,13,13,0,0,0,0,5.0,False,1950,0.0,1.0,0.0,0.0,0.0,0.384615385,4,False
705,0,2,2,0,0,0,0,0.0,False,1950,0.0,1.0,0.0,0.0,0.0,0.0,2,False
706,0,1,1,0,0,0,0,0.0,False,1950,0.0,1.0,0.0,0.0,0.0,0.0,1,False
707,0,1,1,0,0,0,0,0.0,False,1950,0.0,1.0,0.0,0.0,0.0,0.0,1,False
708,0,5,5,0,0,0,0,0.0,False,1950,0.0,1.0,0.0,0.0,0.0,0.0,3,False
709,0,2,2,0,0,0,0,0.0,False,1950,0.0,1.0,0.0,0.0,0.0,0.0,2,False
710,0,2,2,0,0,0,0,0.0,False,1950,0.0,1.0,0.0,0.0,0.0,0.0,2,False
711,0,1,1,0,0,0,0,0.0,False,1950,0.0,1.0,0.0,0.0,0.0,0.0,1,False
712,0,2,2,0,0,0,0,0.0,False,1950,0.0,1.0,0.0,0.0,0.0,0.0,2,False
713,0,1,1,0,0,0,0,0.0,False,1950,0.0,1.0,0.0,0.0,0.0,0.0,1,False
714,0,1,1,0,0,0,0,0.0,False,1950,0.0,1.0,0.0,0.0,0.0,0.0,1,False
715,0,2,2,0,0,0,0,0.0,False,1950,0.0,1.0,0.0,0.0,0.0,0.0,2,False
716,0,1,1,0,0,0,0,0.0,False,1950,0.0,1.0,0.0,0.0,0.0,0.0,1,False
717,0,5,3,0,0,0,0,0.0,False,1950,0.0,0.6,0.0,0.0,0.0,0.0,3,False
718,0,1,1,0,0,0,0,0.0,False,1950,0.0,1.0,0.0,0.0,0.0,0.0,1,False
719,0,1,1,0,0,0,0,0.0,False,1950,0.0,1.0,0.0,0.0,0.0,0.0,1,False
720,0,2,2,0,0,0,0,0.0,False,1950,0.0,1.0,0.0,0.0,0.0,0.0,2,False
721,0,5,5,0,0,0,0,0.0,False,1950,0.0,1.0,0.0,0.0,0.0,0.0,3,False
722,0,3,3,0,0,0,0,0.0,False,1950,0.0,1.0,0.0,0.0,0.0,0.0,2,False
723,0,8,7,0,0,2,0,10.0,False,1950,0.0,0.875,0.0,0.25,0.0,1.25,2,False
724,0,2,2,0,0,0,0,0.0,False,1950,0.0,1.0,0.0,0.0,0.0,0.0,1,False
725,0,2,2,0,0,0,0,0.0,False,1950,0.0,1.0,0.0,0.0,0.0,0.0,2,False
726,0,4,3,0,0,0,0,0.0,False,1950,0.0,0.75,0.0,0.0,0.0,0.0,3,False
727,0,2,1,0,0,0,0,0.0,False,1950,0.0,0.5,0.0,0.0,0.0,0.0,1,False
728,0,3,2,0,0,0,0,0.0,False,1950,0.0,0.666666667,0.0,0.0,0.0,0.0,2,False
729,0,3,3,0,0,0,0,0.0,False,1950,0.0,1.0,0.0,0.0,0.0,0.0,3,False
730,0,5,2,0,0,0,0,0.0,False,1950,0.0,0.4,0.0,0.0,0.0,0.0,2,False
731,0,5,3,0,0,0,0,0.0,False,1950,0.0,0.6,0.0,0.0,0.0,0.0,3,False
732,0,3,3,0,0,0,0,0.0,False,1950,0.0,1.0,0.0,0.0,0.0,0.0,3,False
733,0,4,2,0,0,0,0,0.0,False,1950,0.0,0.5,0.0,0.0,0.0,0.0,2,False
734,0,2,2,0,0,0,0,2.0,False,1950,0.0,1.0,0.0,0.0,0.0,1.0,2,False
735,0,4,2,0,0,0,0,0.0,False,1950,0.0,0.5,0.0,0.0,0.0,0.0,2,False
736,0,2,2,0,0,0,0,0.0,False,1950,0.0,1.0,0.0,0.0,0.0,0.0,1,False
737,0,1,1,0,0,0,0,0.0,False,1950,0.0,1.0,0.0,0.0,0.0,0.0,1,False
738,0,4,3,0,0,0,0,0.0,False,1950,0.0,0.75,0.0,0.0,0.0,0.0,1,False
739,0,1,1,0,0,0,0,0.0,False,1950,0.0,1.0,0.0,0.0,0.0,0.0,1,False
740,0,2,2,0,0,0,0,0.0,False,1950,0.0,1.0,0.0,0.0,0.0,0.0,2,False
741,0,12,12,0,0,0,0,3.0,False,1950,0.0,1.0,0.0,0.0,0.0,0.25,3,False
742,0,2,2,0,0,0,0,3.0,False,1950,0.0,1.0,0.0,0.0,0.0,1.5,1,False
743,0,1,1,0,0,0,0,2.0,False,1950,0.0,1.0,0.0,0.0,0.0,2.0,1,False
744,0,2,2,0,0,0,0,0.0,False,1950,0.0,1.0,0.0,0.0,0.0,0.0,1,False
745,0,1,1,0,0,0,0,0.0,False,1950,0.0,1.0,0.0,0.0,0.0,0.0,1,False
746,0,4,4,0,0,0,0,0.0,False,1950,0.0,1.0,0.0,0.0,0.0,0.0,1,False
747,0,5,4,0,0,0,0,0.0,False,1950,0.0,0.8,0.0,0.0,0.0,0.0,3,False
748,0,3,3,0,0,0,0,0.0,False,1950,0.0,1.0,0.0,0.0,0.0,0.0,1,False
749,0,3,1,0,0,0,0,0.0,False,1950,0.0,0.333333333,0.0,0.0,0.0,0.0,1,False
750,0,1,1,0,0,0,0,0.0,False,1950,0.0,1.0,0.0,0.0,0.0,0.0,1,False
751,0,1,1,0,0,0,0,0.0,False,1950,0.0,1.0,0.0,0.0,0.0,0.0,1,False
752,0,1,1,0,0,0,0,0.0,False,1950,0.0,1.0,0.0,0.0,0.0,0.0,1,False
753,0,1,1,0,0,0,0,0.0,False,1950,0.0,1.0,0.0,0.0,0.0,0.0,1,False
754,0,1,1,0,0,0,0,0.0,False,1950,0.0,1.0,0.0,0.0,0.0,0.0,1,False
755,0,1,1,0,0,0,0,0.0,False,1950,0.0,1.0,0.0,0.0,0.0,0.0,1,False
756,0,3,3,0,0,0,0,0.0,False,1950,0.0,1.0,0.0,0.0,0.0,0.0,3,False
757,0,1,1,0,0,0,0,0.0,False,1950,0.0,1.0,0.0,0.0,0.0,0.0,1,False
758,0,1,1,0,0,0,0,0.0,False,1950,0.0,1.0,0.0,0.0,0.0,0.0,1,False
759,0,1,1,0,0,0,0,0.0,False,1950,0.0,1.0,0.0,0.0,0.0,0.0,1,False
760,0,1,0,0,0,0,0,0.0,False,1950,0.0,0.0,0.0,0.0,0.0,0.0,1,False
761,0,1,0,0,0,0,0,0.0,False,1950,0.0,0.0,0.0,0.0,0.0,0.0,1,False
762,0,5,5,0,0,0,0,0.0,False,1950,0.0,1.0,0.0,0.0,0.0,0.0,3,False
763,0,5,5,0,0,0,0,3.0,False,1950,0.0,1.0,0.0,0.0,0.0,0.6,2,False
764,0,3,3,0,0,0,0,0.0,False,1950,0.0,1.0,0.0,0.0,0.0,0.0,2,False
765,0,2,2,0,0,0,0,0.0,False,1950,0.0,1.0,0.0,0.0,0.0,0.0,2,False
766,0,3,2,0,1,1,1,9.0,False,1950,0.0,0.666666667,0.333333333,0.333333333,0.333333333,3.0,2,False
767,0,3,1,0,0,0,0,0.0,False,1950,0.0,0.333333333,0.0,0.0,0.0,0.0,1,False
768,0,2,2,0,0,1,0,4.0,False,1950,0.0,1.0,0.0,0.5,0.0,2.0,2,False
769,0,1,1,0,0,0,0,0.0,False,1950,0.0,1.0,0.0,0.0,0.0,0.0,1,False
770,0,2,2,0,0,0,0,3.0,False,1950,0.0,1.0,0.0,0.0,0.0,1.5,2,False
771,0,2,2,0,0,0,0,0.0,False,1950,0.0,1.0,0.0,0.0,0.0,0.0,2,False
772,0,2,2,0,0,0,0,0.0,False,1950,0.0,1.0,0.0,0.0,0.0,0.0,2,False
773,0,6,6,0,0,0,0,0.0,False,1950,0.0,1.0,0.0,0.0,0.0,0.0,2,False
774,0,3,3,0,0,0,0,1.0,False,1950,0.0,1.0,0.0,0.0,0.0,0.333333333,2,False
775,0,1,1,0,0,0,0,0.0,False,1950,0.0,1.0,0.0,0.0,0.0,0.0,1,False
776,0,2,2,0,0,0,0,0.0,False,1950,0.0,1.0,0.0,0.0,0.0,0.0,2,False
777,0,1,1,0,0,0,0,0.0,False,1950,0.0,1.0,0.0,0.0,0.0,0.0,1,False
778,0,3,2,0,0,0,0,0.0,False,1950,0.0,0.666666667,0.0,0.0,0.0,0.0,2,False
779,0,1,1,0,0,0,0,0.0,False,1950,0.0,1.0,0.0,0.0,0.0,0.0,1,False
780,0,3,3,0,0,0,0,0.0,False,1950,0.0,1.0,0.0,0.0,0.0,0.0,2,False
781,0,1,0,0,0,0,0,0.0,False,1950,0.0,0.0,0.0,0.0,0.0,0.0,1,False
782,0,1,0,0,0,0,0,0.0,False,1950,0.0,0.0,0.0,0.0,0.0,0.0,1,False
783,0,1,1,0,0,0,0,0.0,False,1950,0.0,1.0,0.0,0.0,0.0,0.0,1,False
784,0,2,2,0,0,0,0,0.0,False,1950,0.0,1.0,0.0,0.0,0.0,0.0,1,False
785,0,2,2,0,0,0,0,0.0,False,1950,0.0,1.0,0.0,0.0,0.0,0.0,1,False
786,0,7,7,0,1,6,0,28.0,False,1950,0.0,1.0,0.142857143,0.857142857,0.0,4.0,2,False
787,0,3,3,0,0,0,0,0.0,False,1950,0.0,1.0,0.0,0.0,0.0,0.0,1,False
788,0,1,1,0,0,0,0,0.0,False,1950,0.0,1.0,0.0,0.0,0.0,0.0,1,False
789,0,2,2,0,0,0,0,0.0,False,1950,0.0,1.0,0.0,0.0,0.0,0.0,1,False
790,0,1,1,0,0,0,0,0.0,False,1950,0.0,1.0,0.0,0.0,0.0,0.0,1,False
791,0,1,1,0,0,0,0,0.0,False,1950,0.0,1.0,0.0,0.0,0.0,0.0,1,False
792,0,1,0,0,0,0,0,0.0,False,1950,0.0,0.0,0.0,0.0,0.0,0.0,1,False
793,0,5,5,0,0,0,0,3.0,False,1950,0.0,1.0,0.0,0.0,0.0,0.6,1,False
794,0,1,1,0,0,0,0,1.0,False,1950,0.0,1.0,0.0,0.0,0.0,1.0,1,False
795,0,1,1,0,0,0,0,0.0,False,1950,0.0,1.0,0.0,0.0,0.0,0.0,1,False
796,0,1,1,0,0,0,0,0.0,False,1950,0.0,1.0,0.0,0.0,0.0,0.0,1,False
797,0,4,2,0,0,0,0,0.0,False,1950,0.0,0.5,0.0,0.0,0.0,0.0,2,False
798,0,3,1,0,0,0,0,0.0,False,1950,0.0,0.333333333,0.0,0.0,0.0,0.0,1,False
799,0,3,2,0,0,0,0,0.0,False,1950,0.0,0.666666667,0.0,0.0,0.0,0.0,2,False
800,0,1,1,0,0,0,0,0.0,False,1950,0.0,1.0,0.0,0.0,0.0,0.0,1,False
801,0,1,1,0,0,0,0,0.0,False,1950,0.0,1.0,0.0,0.0,0.0,0.0,1,False
802,0,1,1,0,0,1,0,3.0,False,1950,0.0,1.0,0.0,1.0,0.0,3.0,1,False
803,0,2,1,0,0,0,0,0.0,False,1950,0.0,0.5,0.0,0.0,0.0,0.0,1,False
804,0,1,0,0,0,0,0,0.0,False,1950,0.0,0.0,0.0,0.0,0.0,0.0,1,False
805,0,5,1,0,0,0,0,0.0,False,1950,0.0,0.2,0.0,0.0,0.0,0.0,1,False
806,0,1,1,0,0,0,0,0.0,False,1960,0.0,1.0,0.0,0.0,0.0,0.0,1,False
807,0,185,182,1,0,0,2,521.0,True,2020,0.005405405,0.983783784,0.0,0.0,0.010810811,2.816216216,11,False
808,0,58,57,0,0,1,1,64.0,False,2010,0.0,0.982758621,0.0,0.017241379,0.017241379,1.103448276,3,False
810,0,19,18,0,0,0,0,0.0,False,2010,0.0,0.947368421,0.0,0.0,0.0,0.0,1,False
811,0,46,46,0,0,0,1,33.0,False,2010,0.0,1.0,0.0,0.0,0.02173913,0.717391304,3,False
812,0,11,11,0,0,0,0,0.0,False,2010,0.0,1.0,0.0,0.0,0.0,0.0,2,False
813,0,96,95,1,1,1,0,76.0,False,2010,0.010416667,0.989583333,0.010416667,0.010416667,0.0,0.791666667,5,False
814,0,59,59,0,0,0,0,121.0,False,2010,0.0,1.0,0.0,0.0,0.0,2.050847458,4,False
815,0,240,236,1,4,27,9,1219.0,True,2020,0.004166667,0.983333333,0.016666667,0.1125,0.0375,5.079166667,12,False
816,0,20,20,0,0,0,0,0.0,False,2010,0.0,1.0,0.0,0.0,0.0,0.0,2,False
817,0,232,232,3,8,32,16,1311.0,False,2020,0.012931034,1.0,0.034482759,0.137931034,0.068965517,5.650862069,12,False
818,0,58,58,0,0,0,0,51.0,False,2010,0.0,1.0,0.0,0.0,0.0,0.879310345,3,False
819,0,39,39,0,0,0,0,0.0,False,2010,0.0,1.0,0.0,0.0,0.0,0.0,2,False
820,0,35,35,0,0,0,0,0.0,False,2010,0.0,1.0,0.0,0.0,0.0,0.0,2,False
821,0,59,59,0,0,0,1,6.0,False,2010,0.0,1.0,0.0,0.0,0.016949153,0.101694915,3,False
822,0,202,201,20,10,67,19,1791.0,True,2020,0.099009901,0.995049505,0.04950495,0.331683168,0.094059406,8.866336634,10,False
823,0,19,19,0,0,0,0,0.0,False,2010,0.0,1.0,0.0,0.0,0.0,0.0,1,False
824,0,34,34,0,0,0,0,2.0,False,2010,0.0,1.0,0.0,0.0,0.0,0.058823529,2,False
825,0,143,142,1,0,1,2,183.0,True,2020,0.006993007,0.993006993,0.0,0.006993007,0.013986014,1.27972028,8,False
826,0,112,110,0,0,3,1,202.0,False,2020,0.0,0.982142857,0.0,0.026785714,0.008928571,1.803571429,6,False
827,0,1,1,0,0,0,0,0.0,False,2010,0.0,1.0,0.0,0.0,0.0,0.0,1,False
828,0,97,97,0,0,0,0,18.0,False,2020,0.0,1.0,0.0,0.0,0.0,0.18556701,5,False
829,0,20,18,0,0,0,0,0.0,False,2010,0.0,0.9,0.0,0.0,0.0,0.0,2,False
830,2,164,164,21,36,78,21,2036.5,True,2020,0.12804878,1.0,0.219512195,0.475609756,0.12804878,12.41768293,8,True
831,0,40,39,0,0,0,0,29.0,False,2020,0.0,0.975,0.0,0.0,0.0,0.725,2,False
832,0,164,163,3,1,15,3,794.5,True,2020,0.018292683,0.993902439,0.006097561,0.091463415,0.018292683,4.844512195,8,False
833,0,14,13,0,0,0,0,0.0,False,2020,0.0,0.928571429,0.0,0.0,0.0,0.0,1,False
834,0,7,5,0,0,0,0,0.0,False,2020,0.0,0.714285714,0.0,0.0,0.0,0.0,1,False
835,0,37,35,0,0,0,0,9.0,False,2020,0.0,0.945945946,0.0,0.0,0.0,0.243243243,2,False
836,0,40,39,0,0,0,0,6.0,False,2020,0.0,0.975,0.0,0.0,0.0,0.15,2,False
837,0,12,12,0,0,0,0,0.0,False,2020,0.0,1.0,0.0,0.0,0.0,0.0,1,False
838,0,42,41,0,0,0,0,26.0,False,2020,0.0,0.976190476,0.0,0.0,0.0,0.619047619,3,False
839,0,112,112,0,1,2,0,364.0,True,2020,0.0,1.0,0.008928571,0.017857143,0.0,3.25,6,False
840,0,124,123,1,0,3,0,202.0,True,2020,0.008064516,0.991935484,0.0,0.024193548,0.0,1.629032258,6,False
841,0,62,62,0,0,0,0,21.0,False,2020,0.0,1.0,0.0,0.0,0.0,0.338709677,4,False
843,0,25,25,0,0,0,0,4.0,False,2020,0.0,1.0,0.0,0.0,0.0,0.16,2,False
844,0,104,103,18,5,24,7,868.0,True,2020,0.173076923,0.990384615,0.048076923,0.230769231,0.067307692,8.346153846,5,False
845,0,21,21,0,0,0,0,1.0,False,2020,0.0,1.0,0.0,0.0,0.0,0.047619048,1,False
846,0,83,83,1,0,6,5,428.0,True,2020,0.012048193,1.0,0.0,0.072289157,0.060240964,5.156626506,4,False
847,0,83,83,1,1,9,5,300.0,True,2020,0.012048193,1.0,0.012048193,0.108433735,0.060240964,3.614457831,4,False
848,0,61,60,0,0,2,0,202.0,True,2020,0.0,0.983606557,0.0,0.032786885,0.0,3.31147541,3,False
849,0,61,61,0,0,0,0,9.0,False,2020,0.0,1.0,0.0,0.0,0.0,0.147540984,3,False
850,0,2,2,0,0,0,0,0.0,False,2020,0.0,1.0,0.0,0.0,0.0,0.0,1,False
851,0,1,1,0,0,0,0,0.0,False,2020,0.0,1.0,0.0,0.0,0.0,0.0,1,False
852,0,45,43,0,0,0,0,44.0,True,2020,0.0,0.955555556,0.0,0.0,0.0,0.977777778,2,False
853,0,22,21,0,0,0,0,0.0,False,2020,0.0,0.954545455,0.0,0.0,0.0,0.0,1,False
854,0,44,43,0,0,0,0,12.0,False,2020,0.0,0.977272727,0.0,0.0,0.0,0.272727273,2,False
855,0,23,23,0,0,0,2,6.0,True,2020,0.0,1.0,0.0,0.0,0.086956522,0.260869565,1,False
856,0,2,2,0,0,0,0,2.0,True,2020,0.0,1.0,0.0,0.0,0.0,1.0,1,False
857,0,1,1,0,0,0,0,0.0,True,2020,0.0,1.0,0.0,0.0,0.0,0.0,1,False
858,0,1,1,0,0,0,0,0.0,True,2020,0.0,1.0,0.0,0.0,0.0,0.0,1,False
